0.23038634657859802,0.6033040285110474,4.4257879494580266e-07,0.2565407454967499,0.5791359543800354,-0.02162412740290165,0.2673146426677704,0.5379371047019958,-0.032416071742773056,0.2524484395980835,0.504815399646759,-0.0406980887055397,0.2280862033367157,0.48319652676582336,-0.049786459654569626,0.25557634234428406,0.4628891050815582,-0.024701818823814392,0.26710063219070435,0.4042472243309021,-0.03863798454403877,0.27264684438705444,0.3665042519569397,-0.049840956926345825,0.27561837434768677,0.3343777656555176,-0.0574207678437233,0.22818663716316223,0.4619949758052826,-0.02516716718673706,0.2256203591823578,0.3969199061393738,-0.03701547160744667,0.22330304980278015,0.35341572761535645,-0.04821410030126572,0.2212885022163391,0.3192421793937683,-0.05540194362401962,0.20561008155345917,0.47718724608421326,-0.027358878403902054,0.1947961151599884,0.4197838306427002,-0.04399939626455307,0.189789816737175,0.3808770179748535,-0.057437773793935776,0.18599778413772583,0.35072389245033264,-0.06593817472457886,0.1886017620563507,0.5050306916236877,-0.03070097602903843,0.19300873577594757,0.4771776497364044,-0.04823189228773117,0.20407238602638245,0.4836617410182953,-0.05271874740719795,0.2130236178636551,0.49644970893859863,-0.05384565517306328,3
0.21824519336223602,0.5611288547515869,4.789131367033406e-07,0.24661977589130402,0.5265530943870544,-0.015001537278294563,0.257251113653183,0.47797441482543945,-0.019294578582048416,0.23888790607452393,0.4372854232788086,-0.021553922444581985,0.2136598825454712,0.4121471047401428,-0.024475259706377983,0.2510034441947937,0.41172146797180176,-0.009156969375908375,0.2624678313732147,0.35294145345687866,-0.015384942293167114,0.2687698304653168,0.31548944115638733,-0.02193424664437771,0.27320170402526855,0.28154459595680237,-0.026717491447925568,0.22496391832828522,0.4044436812400818,-0.009339993819594383,0.223787322640419,0.33988314867019653,-0.014547902159392834,0.22265537083148956,0.2984998822212219,-0.02312719263136387,0.22283592820167542,0.2648664116859436,-0.02847856469452381,0.20243459939956665,0.4112726151943207,-0.010873686522245407,0.1917203664779663,0.35354605317115784,-0.024598615244030952,0.18695281445980072,0.3107348084449768,-0.03948118910193443,0.18258951604366302,0.27697908878326416,-0.04860026389360428,0.18406017124652863,0.4307747781276703,-0.01270623505115509,0.18437059223651886,0.39960163831710815,-0.028526971116662025,0.19345974922180176,0.41850802302360535,-0.0320458747446537,0.20010991394519806,0.44502559304237366,-0.031945280730724335,3
0.21917103230953217,0.5508323907852173,3.5653741292662744e-07,0.24620065093040466,0.5206272602081299,-0.016680177301168442,0.25687888264656067,0.4737488329410553,-0.02289198897778988,0.23584051430225372,0.43431681394577026,-0.026928598061203957,0.2089291363954544,0.4109615385532379,-0.031045250594615936,0.25212356448173523,0.4075007140636444,-0.01326713990420103,0.26471200585365295,0.3483583629131317,-0.020813584327697754,0.27170759439468384,0.315071702003479,-0.026673536747694016,0.27616819739341736,0.2854462265968323,-0.031077422201633453,0.22514474391937256,0.40221598744392395,-0.013958288356661797,0.2252677083015442,0.334183931350708,-0.020287055522203445,0.22448277473449707,0.29433178901672363,-0.02708933874964714,0.2227688729763031,0.26290780305862427,-0.031556207686662674,0.20237615704536438,0.41298484802246094,-0.016492297872900963,0.1898341178894043,0.35186511278152466,-0.029977235943078995,0.1833869367837906,0.30950474739074707,-0.04234698787331581,0.17793230712413788,0.2759697735309601,-0.050210140645504,0.18449556827545166,0.4347972869873047,-0.019788676872849464,0.1831008642911911,0.39925119280815125,-0.034653618931770325,0.1906999796628952,0.41111671924591064,-0.038043588399887085,0.19638743996620178,0.43093347549438477,-0.03872879222035408,3
0.21046942472457886,0.5249225497245789,3.9360079995276465e-07,0.2379174530506134,0.49526697397232056,-0.016075288876891136,0.24761193990707397,0.4430043697357178,-0.020519444718956947,0.22603346407413483,0.4019048511981964,-0.022906241938471794,0.1950995922088623,0.3863162696361542,-0.025439616292715073,0.245421901345253,0.3796294033527374,-0.008912371471524239,0.25591468811035156,0.3220946788787842,-0.014466858468949795,0.2623580992221832,0.28795281052589417,-0.01955644227564335,0.2663424015045166,0.2590861916542053,-0.02357412688434124,0.21822278201580048,0.37225794792175293,-0.00905438419431448,0.21702733635902405,0.3078196346759796,-0.01269514486193657,0.21669326722621918,0.2710186839103699,-0.01764996163547039,0.2169259786605835,0.24212664365768433,-0.02075653150677681,0.19479575753211975,0.3813517987728119,-0.011151253245770931,0.17924827337265015,0.3222467601299286,-0.022310109809041023,0.17111152410507202,0.28433099389076233,-0.03248690813779831,0.16498181223869324,0.2534552812576294,-0.03901215270161629,0.17560608685016632,0.401760071516037,-0.014209792017936707,0.17337852716445923,0.3691309988498688,-0.027417296543717384,0.17918527126312256,0.3869192600250244,-0.028890304267406464,0.18330545723438263,0.40975111722946167,-0.028235137462615967,3
0.20250888168811798,0.5091500282287598,3.2834969942996395e-07,0.229343980550766,0.4776989221572876,-0.013735444284975529,0.2409922182559967,0.42645105719566345,-0.017696665599942207,0.21949779987335205,0.3873612582683563,-0.020237861201167107,0.1903889924287796,0.37041693925857544,-0.023235730826854706,0.2346513420343399,0.3645293712615967,-0.007668410427868366,0.24532362818717957,0.3093548119068146,-0.01257067546248436,0.2519589364528656,0.276592493057251,-0.01753864623606205,0.25483468174934387,0.24677696824073792,-0.021756382659077644,0.2087358683347702,0.361100435256958,-0.009539004415273666,0.20924758911132812,0.29767146706581116,-0.012473310343921185,0.20870257914066315,0.26207321882247925,-0.017616959288716316,0.20741260051727295,0.2312745898962021,-0.021692393347620964,0.1855764240026474,0.37275657057762146,-0.013085732236504555,0.17449729144573212,0.3153250217437744,-0.023857856169342995,0.16951295733451843,0.2764432430267334,-0.033935029059648514,0.164655864238739,0.2431924045085907,-0.04084619879722595,0.16437484323978424,0.39492902159690857,-0.017431920394301414,0.1636568158864975,0.35378366708755493,-0.029875315725803375,0.1746014505624771,0.3680499196052551,-0.03057158552110195,0.18403920531272888,0.3909568786621094,-0.02986365556716919,3
0.19693942368030548,0.49339964985847473,3.3169143875966256e-07,0.22274738550186157,0.45923909544944763,-0.0141748720780015,0.23428012430667877,0.4063631296157837,-0.01739218272268772,0.20867961645126343,0.3699304759502411,-0.01899227499961853,0.177683487534523,0.35650795698165894,-0.02083129808306694,0.23189958930015564,0.3524680733680725,-0.004415352363139391,0.2427426278591156,0.2994605004787445,-0.007784611079841852,0.25003689527511597,0.26958703994750977,-0.011885188519954681,0.2550559937953949,0.24190565943717957,-0.01575113646686077,0.20537446439266205,0.3476502001285553,-0.005363882519304752,0.20672382414340973,0.2881733477115631,-0.006869149394333363,0.20758339762687683,0.2542194724082947,-0.011556020006537437,0.2084098607301712,0.22472842037677765,-0.015449092723429203,0.18262065947055817,0.3571043610572815,-0.008334807120263577,0.17141193151474,0.3032646179199219,-0.018021617084741592,0.1664574146270752,0.26464956998825073,-0.02886032685637474,0.16231831908226013,0.23161712288856506,-0.036585863679647446,0.16195917129516602,0.3759555220603943,-0.012171787209808826,0.16094447672367096,0.3406637907028198,-0.02467663772404194,0.1699398159980774,0.35596713423728943,-0.0266551710665226,0.17763787508010864,0.3773300349712372,-0.027031002566218376,3
0.19483529031276703,0.48579418659210205,3.050256225378689e-07,0.2187504917383194,0.45465749502182007,-0.012999155558645725,0.23109346628189087,0.4072170853614807,-0.01681732013821602,0.2080223262310028,0.3714543282985687,-0.019203614443540573,0.18022817373275757,0.355393648147583,-0.02179369144141674,0.2301241159439087,0.3530581593513489,-0.006399340927600861,0.24086427688598633,0.3002716302871704,-0.010935281403362751,0.24772270023822784,0.2704848349094391,-0.015601402148604393,0.2524332106113434,0.2422807514667511,-0.019858209416270256,0.2041448950767517,0.34780269861221313,-0.008104633539915085,0.20661021769046783,0.2889403700828552,-0.011702884919941425,0.20802178978919983,0.25424373149871826,-0.017547493800520897,0.20825280249118805,0.2247842401266098,-0.022127920761704445,0.18167494237422943,0.35652199387550354,-0.011489929631352425,0.17100749909877777,0.3008175790309906,-0.02250123769044876,0.16535577178001404,0.26236316561698914,-0.03353399783372879,0.1601322591304779,0.23086822032928467,-0.04106086492538452,0.1614868938922882,0.3744960129261017,-0.015462616458535194,0.1601060926914215,0.3379646837711334,-0.02808862365782261,0.1672641634941101,0.35044342279434204,-0.03025953657925129,0.17306596040725708,0.36977919936180115,-0.030751995742321014,3
0.1911591738462448,0.47955846786499023,3.2876766908884747e-07,0.21582357585430145,0.45089492201805115,-0.014385426416993141,0.2270749807357788,0.40420952439308167,-0.01850462332367897,0.20518285036087036,0.3708128035068512,-0.020978150889277458,0.17848891019821167,0.3555186986923218,-0.023811383172869682,0.22589071094989777,0.34817036986351013,-0.008319247514009476,0.23742571473121643,0.2966163754463196,-0.013464239425957203,0.24472588300704956,0.2673168182373047,-0.018410975113511086,0.24951504170894623,0.23978537321090698,-0.022771764546632767,0.2001558244228363,0.3423648476600647,-0.009490777738392353,0.20311766862869263,0.28537747263908386,-0.013367856852710247,0.20365700125694275,0.252000093460083,-0.019785018637776375,0.2039465457201004,0.22332625091075897,-0.02467244863510132,0.17784729599952698,0.3507964611053467,-0.01241522841155529,0.16717234253883362,0.29770538210868835,-0.024219198152422905,0.15926244854927063,0.26165175437927246,-0.036482732743024826,0.15286684036254883,0.23102396726608276,-0.044744785875082016,0.15821179747581482,0.3693476915359497,-0.016000129282474518,0.15539823472499847,0.33618879318237305,-0.030351601541042328,0.16213458776474,0.349673867225647,-0.034138549119234085,0.16896864771842957,0.36841070652008057,-0.03551928699016571,3
0.1920013427734375,0.47783708572387695,3.400068351311347e-07,0.2155512571334839,0.4483114778995514,-0.01371758058667183,0.22587676346302032,0.4010966718196869,-0.01806221529841423,0.2039850354194641,0.3667217195034027,-0.020668962970376015,0.17723448574543,0.3517313003540039,-0.02349824272096157,0.22246889770030975,0.34709712862968445,-0.010154950432479382,0.23322272300720215,0.29452091455459595,-0.01491921953856945,0.2399267703294754,0.26525044441223145,-0.019106924533843994,0.24407894909381866,0.2375417798757553,-0.022956600412726402,0.19691434502601624,0.3425094485282898,-0.011394822970032692,0.199651837348938,0.284699946641922,-0.015109477564692497,0.2001042664051056,0.2509826421737671,-0.021081002429127693,0.1993158459663391,0.22188571095466614,-0.025726569816470146,0.17506654560565948,0.35237619280815125,-0.014055050909519196,0.16146746277809143,0.29993680119514465,-0.025319889187812805,0.15237413346767426,0.26331913471221924,-0.037103813141584396,0.14403146505355835,0.233392134308815,-0.0451497957110405,0.15609686076641083,0.37193936109542847,-0.017234506085515022,0.15405407547950745,0.3368992507457733,-0.030327359214425087,0.16246429085731506,0.3480377495288849,-0.03350264951586723,0.1695428043603897,0.36524638533592224,-0.03472241014242172,3
0.7094820737838745,0.8355172276496887,1.995572915802768e-07,0.6814389228820801,0.8510684370994568,-0.019203294068574905,0.6601545810699463,0.8834667205810547,-0.03250006213784218,0.6483588218688965,0.9214524626731873,-0.04103243350982666,0.6403167247772217,0.9524545669555664,-0.04853464663028717,0.6990952491760254,0.8912287950515747,-0.046597596257925034,0.686468780040741,0.9324516654014587,-0.06314268708229065,0.6755857467651367,0.9599524140357971,-0.0698712095618248,0.6645775437355042,0.9803342819213867,-0.0727568194270134,0.7243167161941528,0.9081125855445862,-0.04176162928342819,0.7272048592567444,0.9633124470710754,-0.056504588574171066,0.7192656397819519,0.9957603216171265,-0.058300577104091644,0.7093759179115295,1.0179442167282104,-0.05842462182044983,0.7409148216247559,0.9212633967399597,-0.03646973893046379,0.7513262033462524,0.9709711074829102,-0.04885705187916756,0.7452558279037476,0.9986035823822021,-0.04960126057267189,0.7363155484199524,1.0185736417770386,-0.04849696904420853,0.7481322288513184,0.9296911358833313,-0.03210560232400894,0.7607952356338501,0.9693114757537842,-0.040013253688812256,0.7586878538131714,0.992064893245697,-0.039589524269104004,0.7521476745605469,1.0065405368804932,-0.03798394650220871,3
0.19236254692077637,0.47804611921310425,3.475753374004853e-07,0.21634995937347412,0.44948720932006836,-0.01485613826662302,0.22593212127685547,0.4042557179927826,-0.019960155710577965,0.20624464750289917,0.3695504665374756,-0.023308102041482925,0.1790710687637329,0.35555338859558105,-0.02690085582435131,0.22164605557918549,0.34759676456451416,-0.010981208644807339,0.23136183619499207,0.2940453290939331,-0.01601926051080227,0.23788148164749146,0.2637019157409668,-0.02051970735192299,0.24186059832572937,0.2357538342475891,-0.024469029158353806,0.19661679863929749,0.3432040810585022,-0.011664741672575474,0.19850298762321472,0.28544604778289795,-0.015738841146230698,0.19846750795841217,0.2507880628108978,-0.021902546286582947,0.196803018450737,0.22178815305233002,-0.026522256433963776,0.1748592108488083,0.3532005250453949,-0.013864465989172459,0.16134797036647797,0.30135008692741394,-0.02534394897520542,0.15213599801063538,0.26480406522750854,-0.03727063164114952,0.14310097694396973,0.2361423522233963,-0.04524123668670654,0.15603452920913696,0.37290412187576294,-0.016689956188201904,0.15377777814865112,0.3374020755290985,-0.02987178973853588,0.16212020814418793,0.3485896587371826,-0.03299323841929436,0.16879795491695404,0.3677586317062378,-0.034035637974739075,3
0.7072460055351257,0.8487460613250732,2.9437509851959476e-07,0.6733911633491516,0.8647641539573669,-0.018021300435066223,0.6478802561759949,0.8962531089782715,-0.031231548637151718,0.6334733366966248,0.9331840872764587,-0.04031418263912201,0.6238484382629395,0.9639195799827576,-0.04906710982322693,0.6856512427330017,0.9070212841033936,-0.04308535158634186,0.6684231162071228,0.9550226926803589,-0.05860717594623566,0.6557320356369019,0.9835252165794373,-0.06477876007556915,0.6449859142303467,1.0021892786026,-0.0675244927406311,0.7117853760719299,0.9182483553886414,-0.03908124193549156,0.7036800384521484,0.9756215810775757,-0.05271130055189133,0.6931177377700806,1.0091941356658936,-0.05624493956565857,0.6839141249656677,1.030269742012024,-0.05828069895505905,0.7294548749923706,0.9249857068061829,-0.03473743051290512,0.7307000756263733,0.9768151044845581,-0.046718258410692215,0.7235333323478699,1.0080556869506836,-0.05126293748617172,0.7161954641342163,1.0296549797058105,-0.05379214882850647,0.7390277981758118,0.9285956025123596,-0.03101561777293682,0.7492214441299438,0.9656564593315125,-0.04153954237699509,0.7493969202041626,0.9901102185249329,-0.04566054418683052,0.7464743256568909,1.0065600872039795,-0.047558028250932693,3
0.18955253064632416,0.4815041720867157,3.5571281387092313e-07,0.21341031789779663,0.4526355266571045,-0.013456554152071476,0.22087466716766357,0.41003456711769104,-0.0182051919400692,0.20141848921775818,0.3771505653858185,-0.021259449422359467,0.17658308148384094,0.36147451400756836,-0.024413691833615303,0.21867205202579498,0.3529815971851349,-0.011618035845458508,0.2290143072605133,0.2978786528110504,-0.01702260784804821,0.23519577085971832,0.2670167088508606,-0.0214324239641428,0.23884284496307373,0.23790243268013,-0.0251151155680418,0.19385585188865662,0.34725162386894226,-0.012432103976607323,0.19551783800125122,0.2883983254432678,-0.01652546040713787,0.19478462636470795,0.25314998626708984,-0.021938299760222435,0.19311784207820892,0.2231612205505371,-0.025835810229182243,0.1723073422908783,0.3551769256591797,-0.014497383497655392,0.15643525123596191,0.30467551946640015,-0.024488411843776703,0.1464080810546875,0.26971080899238586,-0.03457276150584221,0.13814447820186615,0.24222415685653687,-0.041405126452445984,0.15407612919807434,0.37314924597740173,-0.01726362481713295,0.15115927159786224,0.34310439229011536,-0.028520803898572922,0.15961414575576782,0.3554132580757141,-0.030563153326511383,0.16772086918354034,0.3733333349227905,-0.03088756836950779,3
0.6940795183181763,0.8515093326568604,2.417590110326273e-07,0.6605507731437683,0.8643574118614197,-0.01574055477976799,0.6324948668479919,0.8961992859840393,-0.026230253279209137,0.6201351284980774,0.9339672327041626,-0.03295835480093956,0.6087303757667542,0.9611117839813232,-0.039390724152326584,0.6662321090698242,0.9030534029006958,-0.039707254618406296,0.64945387840271,0.9549083709716797,-0.052664656192064285,0.6364549398422241,0.9834592938423157,-0.05695109814405441,0.6253643035888672,1.0040919780731201,-0.05868532881140709,0.6915808320045471,0.9155730605125427,-0.03570741415023804,0.6836442351341248,0.9673820734024048,-0.046159978955984116,0.6721451282501221,0.9963988065719604,-0.04732637479901314,0.6620687246322632,1.0155243873596191,-0.04837591573596001,0.7089397311210632,0.9245126247406006,-0.031384337693452835,0.7079389095306396,0.9708470106124878,-0.039672717452049255,0.6981303691864014,0.9974876642227173,-0.04118841141462326,0.6882134079933167,1.0164999961853027,-0.04250370338559151,0.7188368439674377,0.9310138821601868,-0.027903053909540176,0.7225346565246582,0.9694398641586304,-0.03479748219251633,0.7186585068702698,0.9913040399551392,-0.036923788487911224,0.7127606868743896,1.007171869277954,-0.038220737129449844,3
0.1900835931301117,0.48517751693725586,3.4408148508191516e-07,0.21386703848838806,0.4579465389251709,-0.014252175576984882,0.2218218445777893,0.41635721921920776,-0.01905989646911621,0.2029174566268921,0.384463369846344,-0.021952057257294655,0.17828106880187988,0.36921921372413635,-0.02492322027683258,0.21751768887043,0.3550262451171875,-0.011643294245004654,0.22745494544506073,0.30058056116104126,-0.01636979728937149,0.23314471542835236,0.2702709436416626,-0.020398490130901337,0.2361256331205368,0.2411186397075653,-0.02401656284928322,0.19263909757137299,0.3498239815235138,-0.012311998754739761,0.1938757598400116,0.2910047769546509,-0.016454564407467842,0.19365517795085907,0.2562481760978699,-0.02179284580051899,0.19185329973697662,0.22589173913002014,-0.02555752545595169,0.17120134830474854,0.3592536747455597,-0.014294290915131569,0.1558540165424347,0.3082652986049652,-0.025273680686950684,0.1460176259279251,0.2734678089618683,-0.03548168018460274,0.13701313734054565,0.24519148468971252,-0.04208185151219368,0.15338793396949768,0.37956681847572327,-0.016933774575591087,0.1500767320394516,0.3451753556728363,-0.029030198231339455,0.15752997994422913,0.3605007231235504,-0.030393006280064583,0.1639331877231598,0.38194361329078674,-0.03002472221851349,3
0.6755801439285278,0.8466824293136597,2.964091549984005e-07,0.6433743834495544,0.854875385761261,-0.017073873430490494,0.6207298040390015,0.8908945322036743,-0.025989936664700508,0.6095979809761047,0.9293392300605774,-0.030309753492474556,0.6043418645858765,0.9573323726654053,-0.03408684954047203,0.6409029960632324,0.9084165096282959,-0.03823794052004814,0.6198041439056396,0.9574699997901917,-0.05080550163984299,0.606097936630249,0.9864569902420044,-0.05527597293257713,0.5954517126083374,1.0060635805130005,-0.05676883086562157,0.662924587726593,0.9237092137336731,-0.03176850825548172,0.6462104320526123,0.9750621914863586,-0.042366497218608856,0.6321930289268494,1.0035037994384766,-0.043252892792224884,0.6213909387588501,1.0220072269439697,-0.04294394329190254,0.678687572479248,0.9335994124412537,-0.02507411129772663,0.6672351360321045,0.9795563817024231,-0.03241248056292534,0.6551396250724792,1.0052831172943115,-0.03220036253333092,0.6453237533569336,1.0228617191314697,-0.0316019132733345,0.6883624792098999,0.938461422920227,-0.019330918788909912,0.6815046668052673,0.9763736128807068,-0.02447393350303173,0.6728780269622803,0.9961640238761902,-0.02430008165538311,0.6659301519393921,1.0094226598739624,-0.02340124361217022,3
0.18981608748435974,0.4941917359828949,3.0362795655491936e-07,0.21369561553001404,0.4661804139614105,-0.013539494015276432,0.22166991233825684,0.42259645462036133,-0.017949778586626053,0.201059028506279,0.38870593905448914,-0.020629294216632843,0.17467735707759857,0.3764614462852478,-0.023508021607995033,0.21922403573989868,0.3651564121246338,-0.009650636464357376,0.22803440690040588,0.3098389506340027,-0.01454725582152605,0.23332220315933228,0.27853715419769287,-0.01910211332142353,0.23599475622177124,0.24968253076076508,-0.02292484976351261,0.1940930336713791,0.36022841930389404,-0.010682600550353527,0.19492141902446747,0.2978009581565857,-0.014572856947779655,0.1948370337486267,0.2621086835861206,-0.01993379555642605,0.19281427562236786,0.2319340705871582,-0.023663876578211784,0.1728714555501938,0.36963286995887756,-0.013046437874436378,0.16021952033042908,0.31744280457496643,-0.0231053214520216,0.15393152832984924,0.2834221124649048,-0.03240346163511276,0.14738023281097412,0.25615936517715454,-0.03832358121871948,0.15509307384490967,0.38935786485671997,-0.01614215038716793,0.15297716856002808,0.3522126078605652,-0.027064859867095947,0.16139119863510132,0.36544686555862427,-0.02745419554412365,0.16786962747573853,0.38589727878570557,-0.02642183005809784,3
0.6667261719703674,0.8560269474983215,3.3764658269319625e-07,0.6333953738212585,0.8643072247505188,-0.015707967802882195,0.6014008522033691,0.897533118724823,-0.024266541004180908,0.581297755241394,0.9337670803070068,-0.028459010645747185,0.5722174644470215,0.9600853323936462,-0.032355643808841705,0.6331903338432312,0.9164639115333557,-0.03549051657319069,0.6105532646179199,0.964720606803894,-0.046181246638298035,0.5958917140960693,0.992428183555603,-0.04998419061303139,0.5845825672149658,1.011542558670044,-0.05106257274746895,0.6561388969421387,0.9316092133522034,-0.02958817221224308,0.6373776793479919,0.9849721193313599,-0.03757354989647865,0.6233311891555786,1.0131453275680542,-0.038645822554826736,0.6132147908210754,1.0310832262039185,-0.038975633680820465,0.6718777418136597,0.9414359331130981,-0.023233409970998764,0.6574708819389343,0.9883025884628296,-0.027989517897367477,0.6457794308662415,1.0146795511245728,-0.028368037194013596,0.6373990774154663,1.031912088394165,-0.028740648180246353,0.6807090640068054,0.9466102719306946,-0.017730874940752983,0.6708899736404419,0.9847594499588013,-0.021120382472872734,0.6628879904747009,1.0063902139663696,-0.021151527762413025,0.656879186630249,1.0214883089065552,-0.02069692313671112,3
0.18962806463241577,0.49497416615486145,3.2444978614876163e-07,0.21324478089809418,0.4670598804950714,-0.01386992633342743,0.2234525978565216,0.42184263467788696,-0.018633078783750534,0.20232972502708435,0.38759881258010864,-0.021617040038108826,0.17482003569602966,0.37538981437683105,-0.024781398475170135,0.21942369639873505,0.3654838800430298,-0.010138627141714096,0.2279813587665558,0.3110421299934387,-0.014964823611080647,0.23338936269283295,0.2803279161453247,-0.019453227519989014,0.23626698553562164,0.2515310049057007,-0.023369958624243736,0.19404122233390808,0.36084985733032227,-0.011328157968819141,0.1958651840686798,0.2992914617061615,-0.014955198392271996,0.19549310207366943,0.26312127709388733,-0.020485252141952515,0.1934322714805603,0.23249009251594543,-0.024621551856398582,0.1726420819759369,0.37028056383132935,-0.013857590965926647,0.16005553305149078,0.31809455156326294,-0.024541795253753662,0.15304554998874664,0.2836090922355652,-0.03467412665486336,0.14628174901008606,0.2562864422798157,-0.04139824956655502,0.1545504778623581,0.3896709084510803,-0.01707492396235466,0.1549597680568695,0.3537364602088928,-0.029448339715600014,0.16450972855091095,0.3689321279525757,-0.030793288722634315,0.17193271219730377,0.3906150758266449,-0.03047516942024231,3
0.20999670028686523,0.5392493605613708,1.0199521227605146e-07,0.23288175463676453,0.5137451887130737,-0.011735967360436916,0.23369279503822327,0.4649060368537903,-0.014103429391980171,0.21839271485805511,0.4300317168235779,-0.016128985211253166,0.20225223898887634,0.4119375944137573,-0.017473658546805382,0.22464382648468018,0.4059649705886841,-0.0035421005450189114,0.22768408060073853,0.35549667477607727,-0.010606505908071995,0.22793760895729065,0.3292667865753174,-0.01692669838666916,0.22786752879619598,0.3109055757522583,-0.02116774208843708,0.20134976506233215,0.4042229652404785,-0.004368835594505072,0.1944275200366974,0.3468257784843445,-0.009896662086248398,0.19282333552837372,0.31734251976013184,-0.015081572346389294,0.1926075518131256,0.29779738187789917,-0.01818767376244068,0.18122906982898712,0.41766422986984253,-0.007187717594206333,0.17075248062610626,0.3697075843811035,-0.015313398092985153,0.17436915636062622,0.3631633520126343,-0.0177290141582489,0.1796484887599945,0.3638074994087219,-0.01763729192316532,0.16469047963619232,0.4419296085834503,-0.011332502588629723,0.1566927582025528,0.4097750782966614,-0.018280794844031334,0.15965095162391663,0.40428805351257324,-0.017435504123568535,0.16403593122959137,0.4064481556415558,-0.015252811834216118,3
0.2707802653312683,0.858154296875,7.03954512459859e-08,0.3049742579460144,0.8548692464828491,-0.011715971864759922,0.33798518776893616,0.8733563423156738,-0.02224726416170597,0.35752177238464355,0.9046720266342163,-0.029561305418610573,0.3656231760978699,0.9348259568214417,-0.036226022988557816,0.3165965974330902,0.8767561316490173,-0.03903220221400261,0.33763688802719116,0.9258036613464355,-0.05320155620574951,0.3520755171775818,0.9542930126190186,-0.05785829946398735,0.361538827419281,0.9734127521514893,-0.059177953749895096,0.29468703269958496,0.8966826796531677,-0.037848908454179764,0.31914347410202026,0.9485830068588257,-0.04987150803208351,0.3357012867927551,0.9734545946121216,-0.04989656060934067,0.3453141748905182,0.9889670610427856,-0.04896780475974083,0.27640625834465027,0.9152997136116028,-0.035928186029195786,0.30147916078567505,0.9643238186836243,-0.0455140620470047,0.31795066595077515,0.982243537902832,-0.042124614119529724,0.32748380303382874,0.9893245697021484,-0.03820320963859558,0.26223790645599365,0.9307287335395813,-0.03443097695708275,0.2825581133365631,0.9702064394950867,-0.04118848592042923,0.29664990305900574,0.9823904633522034,-0.038485147058963776,0.3051767647266388,0.9851870536804199,-0.0349433608353138,3
0.326144814491272,0.9505907893180847,1.7954099007511104e-07,0.3488375246524811,0.9454147219657898,-0.012082104571163654,0.36775895953178406,0.9541977643966675,-0.02683216519653797,0.37603941559791565,0.9746667742729187,-0.03867632523179054,0.3749200105667114,0.9991369247436523,-0.05086997151374817,0.35341960191726685,0.9168825745582581,-0.04971778765320778,0.3732195794582367,0.9594718813896179,-0.06716406345367432,0.37873318791389465,0.9886893630027771,-0.07401430606842041,0.37752386927604675,1.0058006048202515,-0.07650312781333923,0.3317205607891083,0.9270101189613342,-0.05037552863359451,0.35403627157211304,0.9788084626197815,-0.06555061042308807,0.36362600326538086,1.0068583488464355,-0.06591453403234482,0.36659666895866394,1.0241731405258179,-0.06563442200422287,0.3117755055427551,0.9448415637016296,-0.04972201585769653,0.33538681268692017,0.9997036457061768,-0.06281432509422302,0.3462367057800293,1.024914264678955,-0.057622987776994705,0.3504277169704437,1.0378929376602173,-0.05254796892404556,0.2951653003692627,0.966547966003418,-0.04920973256230354,0.31259092688560486,1.0072603225708008,-0.05807972326874733,0.32271701097488403,1.0283992290496826,-0.05392313376069069,0.32892245054244995,1.0401618480682373,-0.04974687471985817,3
0.2785729169845581,0.8809762597084045,2.308096611614019e-07,0.3128010630607605,0.8818132877349854,-0.007709923200309277,0.3420824706554413,0.8990436792373657,-0.01501216646283865,0.35851994156837463,0.9269517064094543,-0.019900992512702942,0.3624149262905121,0.9528504014015198,-0.024254588410258293,0.32692399621009827,0.9030542373657227,-0.02851184457540512,0.35717305541038513,0.9360515475273132,-0.03978396952152252,0.3719049394130707,0.9620441794395447,-0.045532871037721634,0.3813996911048889,0.9828686714172363,-0.048357658088207245,0.30986887216567993,0.927645742893219,-0.02820250764489174,0.33403635025024414,0.9718406200408936,-0.03500029444694519,0.34759166836738586,0.9954893589019775,-0.03508641570806503,0.3556954860687256,1.010534405708313,-0.03485744073987007,0.2935107946395874,0.9485772252082825,-0.027139531448483467,0.3136634826660156,0.9909915924072266,-0.031588222831487656,0.32660171389579773,1.012089490890503,-0.028158890083432198,0.3334035575389862,1.0233268737792969,-0.025287127122282982,0.2791304886341095,0.9638084173202515,-0.02639247663319111,0.29330191016197205,1.0002977848052979,-0.029990579932928085,0.30329710245132446,1.0181670188903809,-0.026422996073961258,0.30849704146385193,1.0270949602127075,-0.022580618038773537,3
0.28778576850891113,0.9049607515335083,2.391871589679795e-07,0.3168184459209442,0.9045649766921997,-0.00826573371887207,0.3433763384819031,0.9253557324409485,-0.01515733078122139,0.3573979139328003,0.954647958278656,-0.01975090242922306,0.36134055256843567,0.9801160097122192,-0.023748308420181274,0.33334070444107056,0.9274451732635498,-0.024481337517499924,0.35688793659210205,0.9603622555732727,-0.03403276205062866,0.36821192502975464,0.9868692755699158,-0.03799848631024361,0.37459224462509155,1.0078920125961304,-0.03955851122736931,0.3183706998825073,0.9438577890396118,-0.023483239114284515,0.3386746942996979,0.9839991331100464,-0.0304869432002306,0.3512305021286011,1.0100302696228027,-0.031597502529621124,0.35927456617355347,1.0302828550338745,-0.03214114531874657,0.30247896909713745,0.9597311615943909,-0.021932467818260193,0.3185833990573883,0.9980959892272949,-0.02740788832306862,0.33049625158309937,1.0192855596542358,-0.025395309552550316,0.33814185857772827,1.0350005626678467,-0.023534497246146202,0.2874164581298828,0.9724758267402649,-0.020651519298553467,0.2988864481449127,1.0024539232254028,-0.024371115490794182,0.3090435266494751,1.019018292427063,-0.02205970138311386,0.31638064980506897,1.0319385528564453,-0.01958947256207466,3
0.7508307695388794,0.842322051525116,3.5079793292425165e-07,0.7228354811668396,0.8653357028961182,-0.017770923674106598,0.7059841156005859,0.9000893831253052,-0.0317186638712883,0.6967191100120544,0.9380679130554199,-0.040363896638154984,0.6869946718215942,0.9678348302841187,-0.04843403398990631,0.7417861223220825,0.9092782139778137,-0.05046795681118965,0.7243253588676453,0.9707744717597961,-0.06473877280950546,0.7095127105712891,0.998914361000061,-0.06723468005657196,0.6980999708175659,1.0133657455444336,-0.06625078618526459,0.7675848007202148,0.9163756966590881,-0.04448515921831131,0.7524698376655579,0.9858789443969727,-0.056220103055238724,0.735682487487793,1.0113550424575806,-0.05407518520951271,0.723586916923523,1.0179890394210815,-0.05097278952598572,0.7858642339706421,0.920056164264679,-0.037552203983068466,0.7774856090545654,0.9866403937339783,-0.045728810131549835,0.7615216374397278,1.0108729600906372,-0.043959371745586395,0.7481188178062439,1.0187580585479736,-0.04200292378664017,0.7961838245391846,0.9211767911911011,-0.03117169253528118,0.7949957251548767,0.9671722054481506,-0.03882665932178497,0.7834497690200806,0.9883080124855042,-0.040082357823848724,0.7719154953956604,0.9976730942726135,-0.039415642619132996,3
0.20313534140586853,0.45582664012908936,3.509584018956957e-07,0.2259383648633957,0.43600594997406006,-0.015996361151337624,0.23164042830467224,0.4002458453178406,-0.02340991422533989,0.2130708545446396,0.3723798096179962,-0.027954960241913795,0.1900339275598526,0.35826244950294495,-0.03311038389801979,0.22833243012428284,0.34794187545776367,-0.02121792919933796,0.24137479066848755,0.2975309491157532,-0.02995588816702366,0.24883431196212769,0.26806947588920593,-0.036069855093955994,0.2539459466934204,0.2422337830066681,-0.04030980169773102,0.20417213439941406,0.3437585234642029,-0.020688707008957863,0.2069726586341858,0.28844231367111206,-0.028978092595934868,0.20886127650737762,0.2557069659233093,-0.035517554730176926,0.21030503511428833,0.22982844710350037,-0.039387624710798264,0.18300782144069672,0.353668749332428,-0.021075837314128876,0.17017632722854614,0.3039191663265228,-0.03434799239039421,0.16348935663700104,0.27117034792900085,-0.04426239803433418,0.15898224711418152,0.24511903524398804,-0.05019054561853409,0.1656615138053894,0.37351328134536743,-0.02183658257126808,0.16722874343395233,0.34122395515441895,-0.034483857452869415,0.17661388218402863,0.3520810008049011,-0.03584550693631172,0.1850399523973465,0.3687814474105835,-0.03538264334201813,3
0.7533771395683289,0.842406690120697,3.2917839121182624e-07,0.725456953048706,0.865813136100769,-0.014983437955379486,0.7071980834007263,0.9005441665649414,-0.027439001947641373,0.6967996954917908,0.9394468665122986,-0.036583706736564636,0.6877953410148621,0.9707968235015869,-0.0453837513923645,0.7431865334510803,0.9168875813484192,-0.036706387996673584,0.7272171974182129,0.9754741191864014,-0.05101339891552925,0.7133646607398987,1.0030068159103394,-0.05686400830745697,0.7019054889678955,1.0183346271514893,-0.05891469866037369,0.7678554654121399,0.9237229228019714,-0.033322446048259735,0.7534939050674438,0.9869474172592163,-0.04416894167661667,0.7394220232963562,1.014740228652954,-0.04587024450302124,0.7280957698822021,1.0276180505752563,-0.0466202013194561,0.7861214280128479,0.9256908893585205,-0.029687492176890373,0.7794963121414185,0.9856051206588745,-0.03743451461195946,0.7667673826217651,1.0125391483306885,-0.03807125985622406,0.7553033828735352,1.0264755487442017,-0.038527972996234894,0.7976886630058289,0.9253215789794922,-0.02672586776316166,0.8017587661743164,0.9679535627365112,-0.03295975178480148,0.7947736978530884,0.9907369613647461,-0.033544622361660004,0.7863703966140747,1.0022690296173096,-0.033056508749723434,3
0.19920986890792847,0.4679766297340393,3.9198030776788073e-07,0.22254694998264313,0.447570264339447,-0.01568150706589222,0.22855612635612488,0.41002291440963745,-0.0211595818400383,0.2080124467611313,0.3826359808444977,-0.024276359006762505,0.18439967930316925,0.3666207790374756,-0.027756575495004654,0.22885477542877197,0.35063377022743225,-0.015100225806236267,0.2404332458972931,0.3005928099155426,-0.02198312245309353,0.24765291810035706,0.27029410004615784,-0.027171790599822998,0.25179216265678406,0.24359843134880066,-0.031089669093489647,0.2047218680381775,0.345009446144104,-0.014990566298365593,0.20713697373867035,0.28970977663993835,-0.02118414081633091,0.2083737552165985,0.2555500566959381,-0.027585867792367935,0.20871272683143616,0.22785982489585876,-0.031353361904621124,0.18368235230445862,0.3545600473880768,-0.01620684564113617,0.16963067650794983,0.3059197664260864,-0.028954533860087395,0.16258832812309265,0.2713373005390167,-0.040354546159505844,0.1570977121591568,0.24283385276794434,-0.047363292425870895,0.16553795337677002,0.3753002882003784,-0.01793949492275715,0.1680675745010376,0.3512289524078369,-0.03266308456659317,0.17787745594978333,0.36510369181632996,-0.0361720509827137,0.18552877008914948,0.3819308578968048,-0.03679415211081505,3
0.7517306804656982,0.8462495803833008,3.619413462274679e-07,0.7247052192687988,0.8667243123054504,-0.018434682860970497,0.7075515389442444,0.9003689885139465,-0.03304174169898033,0.6972915530204773,0.9393646121025085,-0.04326988756656647,0.686774730682373,0.9707067608833313,-0.05285539850592613,0.7419707179069519,0.9140616059303284,-0.04478240758180618,0.7266584634780884,0.9748783707618713,-0.059978242963552475,0.7131754159927368,1.0036967992782593,-0.06458777189254761,0.7019407153129578,1.0183680057525635,-0.06547556072473526,0.7670643925666809,0.9213190078735352,-0.039545074105262756,0.7531078457832336,0.9877989292144775,-0.05258355289697647,0.7380961179733276,1.0151926279067993,-0.05341300740838051,0.7261526584625244,1.0263988971710205,-0.05297931656241417,0.7850291132926941,0.9258948564529419,-0.03393843024969101,0.7773516178131104,0.9905086755752563,-0.04349324479699135,0.7629351615905762,1.0177216529846191,-0.04386449232697487,0.750327467918396,1.0303027629852295,-0.04364727437496185,0.7955235242843628,0.9292112588882446,-0.029070664197206497,0.7938722372055054,0.97803795337677,-0.03664451465010643,0.7828519344329834,1.0014885663986206,-0.0375627726316452,0.7720165252685547,1.0125913619995117,-0.03706918656826019,3
0.1992339789867401,0.4678484797477722,3.697482782172301e-07,0.22291526198387146,0.44100770354270935,-0.013994844630360603,0.23033680021762848,0.39965370297431946,-0.019118299707770348,0.21006597578525543,0.3689287006855011,-0.022264499217271805,0.18571294844150543,0.3516552448272705,-0.025547733530402184,0.22967323660850525,0.3487530052661896,-0.012326299212872982,0.24164211750030518,0.29878467321395874,-0.01755293272435665,0.24867865443229675,0.270371675491333,-0.021620912477374077,0.2528229355812073,0.24374651908874512,-0.02499178983271122,0.2054457664489746,0.343228280544281,-0.012414125725626945,0.2089594602584839,0.2883039116859436,-0.017359688878059387,0.20943164825439453,0.255426287651062,-0.023250853642821312,0.20842675864696503,0.2278570830821991,-0.027205388993024826,0.18425434827804565,0.35039255023002625,-0.013749700039625168,0.1713036596775055,0.30211323499679565,-0.024853257462382317,0.16241729259490967,0.2677582800388336,-0.03589528053998947,0.15446951985359192,0.2400350123643875,-0.04314607009291649,0.16613970696926117,0.3663102984428406,-0.01558857224881649,0.16837334632873535,0.33703702688217163,-0.02750093676149845,0.1772850900888443,0.35040345788002014,-0.0303251463919878,0.1843351274728775,0.3684406280517578,-0.031221667304635048,3
0.7561114430427551,0.84488844871521,3.307671363472764e-07,0.7272288203239441,0.8660620450973511,-0.016551079228520393,0.707509458065033,0.9013221263885498,-0.029454538598656654,0.6960665583610535,0.9404386281967163,-0.03844800963997841,0.6864565014839172,0.9715996980667114,-0.04709277302026749,0.7425767183303833,0.9170978665351868,-0.0405595563352108,0.7268185019493103,0.9767905473709106,-0.05530454218387604,0.7133098244667053,1.005360722541809,-0.06096600368618965,0.7017972469329834,1.0212091207504272,-0.06279688328504562,0.7676936984062195,0.9258818626403809,-0.03625630587339401,0.7547304034233093,0.9896262288093567,-0.047839827835559845,0.7416724562644958,1.0180920362472534,-0.04973167926073074,0.7305507659912109,1.031421184539795,-0.050474196672439575,0.786271870136261,0.9295611381530762,-0.031561728566884995,0.7804707884788513,0.9899786710739136,-0.039843834936618805,0.7682830691337585,1.016916036605835,-0.04091894254088402,0.7567134499549866,1.0314134359359741,-0.04167173430323601,0.7984820008277893,0.9299066662788391,-0.027572859078645706,0.801609456539154,0.9717862010002136,-0.03448609262704849,0.794395387172699,0.9941837787628174,-0.03569315746426582,0.785990297794342,1.0065621137619019,-0.035655248910188675,3
0.19930711388587952,0.4724838435649872,3.8423064552262076e-07,0.22085553407669067,0.4531099200248718,-0.018768534064292908,0.2300398200750351,0.41920819878578186,-0.027605265378952026,0.21627935767173767,0.38901931047439575,-0.034044548869132996,0.19415010511875153,0.36976274847984314,-0.040564946830272675,0.2278406172990799,0.3515765368938446,-0.019265595823526382,0.2411370575428009,0.30006372928619385,-0.027147777378559113,0.2488928735256195,0.27085065841674805,-0.033398017287254333,0.253589928150177,0.24331016838550568,-0.03830626606941223,0.2044358253479004,0.3460467755794525,-0.018638158217072487,0.20777150988578796,0.2886229455471039,-0.02603881061077118,0.20867891609668732,0.2550365626811981,-0.03374936431646347,0.2076873779296875,0.22649094462394714,-0.039120063185691833,0.18383248150348663,0.3547733426094055,-0.01948653534054756,0.17207688093185425,0.30513444542884827,-0.03213013708591461,0.16331228613853455,0.2698160409927368,-0.04338561370968819,0.15529592335224152,0.24091273546218872,-0.05077870562672615,0.16620981693267822,0.3738333582878113,-0.021369660273194313,0.16672727465629578,0.3380681276321411,-0.033863529562950134,0.1757270097732544,0.3469912111759186,-0.03644367679953575,0.1839098036289215,0.3635450005531311,-0.03724750876426697,3
0.7532110214233398,0.8416926860809326,3.462892550487595e-07,0.7258344292640686,0.8631621599197388,-0.01748773828148842,0.7075990438461304,0.8981227278709412,-0.03060293383896351,0.6971340179443359,0.9371583461761475,-0.039535749703645706,0.6873186230659485,0.9686446785926819,-0.047977644950151443,0.7426947951316833,0.9137780070304871,-0.04118981212377548,0.7263939380645752,0.9749844670295715,-0.05622602626681328,0.7137241363525391,1.0058083534240723,-0.06211961805820465,0.7033857107162476,1.0238468647003174,-0.06397537887096405,0.7673286199569702,0.9211845993995667,-0.03624411299824715,0.7549273371696472,0.9850012063980103,-0.04851497709751129,0.7417025566101074,1.01474130153656,-0.05051521956920624,0.731015145778656,1.0287953615188599,-0.05091302469372749,0.7850114107131958,0.924575924873352,-0.031023647636175156,0.7783850431442261,0.9833992123603821,-0.03968368098139763,0.7670323848724365,1.011112093925476,-0.04099093750119209,0.7567057013511658,1.026050329208374,-0.04154238849878311,0.7955002188682556,0.9259376525878906,-0.02659197710454464,0.7983720898628235,0.9665192365646362,-0.03385942056775093,0.7919545769691467,0.988640308380127,-0.035627081990242004,0.7845888733863831,1.0006757974624634,-0.035708650946617126,3
0.19757652282714844,0.4700612723827362,3.7125764151824114e-07,0.2212100625038147,0.44743233919143677,-0.015249468386173248,0.22990679740905762,0.41163012385368347,-0.02184813655912876,0.2130686342716217,0.38190269470214844,-0.026385432109236717,0.19151808321475983,0.3606589436531067,-0.03090357594192028,0.2289872020483017,0.35191911458969116,-0.015494915656745434,0.24108821153640747,0.29996854066848755,-0.022181211039423943,0.24832086265087128,0.27091825008392334,-0.026949075981974602,0.2526590824127197,0.2432483434677124,-0.030654162168502808,0.20502297580242157,0.34546807408332825,-0.015611761249601841,0.20849981904029846,0.2889062464237213,-0.022415056824684143,0.2095954418182373,0.2558179795742035,-0.028697384521365166,0.20872467756271362,0.2269478440284729,-0.03263286128640175,0.184035524725914,0.3519844114780426,-0.016999831423163414,0.17129185795783997,0.30386173725128174,-0.02924874983727932,0.162405326962471,0.2695067226886749,-0.03957761079072952,0.15442432463169098,0.24104222655296326,-0.04609396681189537,0.16648906469345093,0.3681831359863281,-0.01905028708279133,0.16811314225196838,0.33878302574157715,-0.031019337475299835,0.17598246037960052,0.35349005460739136,-0.032808732241392136,0.1825869083404541,0.3729580342769623,-0.03283654525876045,3
0.7552226185798645,0.8470404148101807,3.3418305633858836e-07,0.7269525527954102,0.8653165102005005,-0.01758688874542713,0.7085999250411987,0.898436427116394,-0.030885884538292885,0.6980754733085632,0.9378454089164734,-0.040083467960357666,0.6885800957679749,0.9698165059089661,-0.04862170293927193,0.7421295046806335,0.9176921844482422,-0.040430936962366104,0.7274264097213745,0.9785919189453125,-0.054749540984630585,0.7143990993499756,1.0061544179916382,-0.05964784696698189,0.7037419676780701,1.0199017524719238,-0.06079975515604019,0.7663701772689819,0.9262964725494385,-0.03528886288404465,0.7537158727645874,0.9909031391143799,-0.047296058386564255,0.7391841411590576,1.0166865587234497,-0.04893260449171066,0.7273979187011719,1.027137279510498,-0.049099043011665344,0.783242404460907,0.9304171204566956,-0.029857415705919266,0.7775493264198303,0.9917157888412476,-0.03837018832564354,0.7635663747787476,1.0170423984527588,-0.03929837793111801,0.7509559988975525,1.0290226936340332,-0.03960338979959488,0.7931448817253113,0.9317924380302429,-0.02517296001315117,0.7933717966079712,0.977220356464386,-0.031976666301488876,0.7835769653320312,1.0005048513412476,-0.03305348381400108,0.7733294367790222,1.0126100778579712,-0.032799284905195236,3
0.20007753372192383,0.4702542722225189,3.6714340012622415e-07,0.2233465164899826,0.4433659315109253,-0.013506575487554073,0.23013247549533844,0.40310603380203247,-0.018513496965169907,0.2099061757326126,0.37357714772224426,-0.02161187119781971,0.18593747913837433,0.35804134607315063,-0.024957584217190742,0.2296009510755539,0.3504665791988373,-0.012896380387246609,0.2414935678243637,0.29885342717170715,-0.017826011404395103,0.24830429255962372,0.26941829919815063,-0.021572845056653023,0.25178056955337524,0.24232620000839233,-0.024644901975989342,0.2050067037343979,0.34501123428344727,-0.012901853770017624,0.20850977301597595,0.2889464199542999,-0.017534086480736732,0.20941101014614105,0.2555803656578064,-0.023210177198052406,0.20830582082271576,0.22741608321666718,-0.026994144544005394,0.18386252224445343,0.35185566544532776,-0.013966611586511135,0.17032670974731445,0.3039068281650543,-0.02394396997988224,0.16167187690734863,0.2703858017921448,-0.03422136232256889,0.1536630094051361,0.24367913603782654,-0.040973830968141556,0.16640961170196533,0.3671688437461853,-0.015570894815027714,0.16706490516662598,0.3373471200466156,-0.02575400471687317,0.17603157460689545,0.3498693108558655,-0.027647627517580986,0.18344151973724365,0.3682233691215515,-0.0280162300914526,3
0.7528986930847168,0.8424203991889954,3.4843483831537014e-07,0.7259334921836853,0.8639573454856873,-0.016743091866374016,0.7073719501495361,0.8990943431854248,-0.029550857841968536,0.6970449686050415,0.9375395774841309,-0.03815409913659096,0.6869440078735352,0.9682298898696899,-0.04629726707935333,0.7423856258392334,0.9135321378707886,-0.041672904044389725,0.7273290753364563,0.9741126298904419,-0.055927589535713196,0.7136129140853882,1.003540277481079,-0.06058734655380249,0.7022890448570251,1.020247220993042,-0.06144823133945465,0.7669932842254639,0.9210265874862671,-0.03684578463435173,0.7543706297874451,0.987578809261322,-0.04916667938232422,0.7381519079208374,1.0140938758850098,-0.050185490399599075,0.7247923612594604,1.0232023000717163,-0.049398601055145264,0.7843484878540039,0.9244699478149414,-0.031474318355321884,0.7781696319580078,0.9869590401649475,-0.03999289125204086,0.7629119157791138,1.0121181011199951,-0.040185924619436264,0.7490329146385193,1.0228514671325684,-0.039504509419202805,0.7947229146957397,0.9256150722503662,-0.026766303926706314,0.7939731478691101,0.9729394912719727,-0.033603932708501816,0.7832075953483582,0.9966404438018799,-0.03446456417441368,0.7718780636787415,1.008568286895752,-0.03365682438015938,3
0.1985975205898285,0.46939486265182495,3.753995940769528e-07,0.22158096730709076,0.44678348302841187,-0.01564118266105652,0.22918753325939178,0.4082270860671997,-0.021751482039690018,0.20981194078922272,0.3777688145637512,-0.025614310055971146,0.1863815039396286,0.3591901957988739,-0.029377900063991547,0.22910726070404053,0.3504886031150818,-0.014667726121842861,0.2403695285320282,0.2989206314086914,-0.02075049839913845,0.24792173504829407,0.26979953050613403,-0.025102946907281876,0.25243979692459106,0.24216106534004211,-0.028597906231880188,0.20493483543395996,0.3446175158023834,-0.014647407457232475,0.20765307545661926,0.28785544633865356,-0.020687147974967957,0.20841053128242493,0.25521329045295715,-0.02658940479159355,0.2077157348394394,0.227104052901268,-0.030282486230134964,0.18398290872573853,0.3522624969482422,-0.016019565984606743,0.17055003345012665,0.305174320936203,-0.02822081744670868,0.16140872240066528,0.26949262619018555,-0.03914825618267059,0.15328927338123322,0.2398303747177124,-0.04603997617959976,0.1663505733013153,0.3696248531341553,-0.018078895285725594,0.16766414046287537,0.3398444354534149,-0.03031979873776436,0.1767478585243225,0.3534715175628662,-0.03255649656057358,0.18432113528251648,0.3721713423728943,-0.03292103856801987,3
0.7527835369110107,0.8431053757667542,3.492391726922506e-07,0.7251840233802795,0.8657369613647461,-0.016371330246329308,0.7074439525604248,0.9005498886108398,-0.029323317110538483,0.6972424983978271,0.9396749138832092,-0.038258980959653854,0.6876828074455261,0.9707912802696228,-0.04672505706548691,0.7424692511558533,0.9148377180099487,-0.041797954589128494,0.726498544216156,0.9789647459983826,-0.055286943912506104,0.7134260535240173,1.007211446762085,-0.058946818113327026,0.7028833031654358,1.0211018323898315,-0.05919115990400314,0.7676953077316284,0.9206715226173401,-0.03696416690945625,0.7547239065170288,0.9890989065170288,-0.04824184253811836,0.7402014136314392,1.014523983001709,-0.04881519824266434,0.7291414737701416,1.022639274597168,-0.04822376370429993,0.7861281037330627,0.9224753975868225,-0.03145013749599457,0.7809407711029053,0.986884355545044,-0.03920473903417587,0.7668179869651794,1.0104665756225586,-0.03948216140270233,0.7546639442443848,1.0193287134170532,-0.03945548087358475,0.7974439859390259,0.9223124980926514,-0.02648829109966755,0.8010390400886536,0.9667136669158936,-0.03318110108375549,0.7915329933166504,0.9865336418151855,-0.03408176079392433,0.7814691662788391,0.9938822984695435,-0.033570826053619385,3
0.1984863430261612,0.4689578413963318,3.6533597835841647e-07,0.22188536822795868,0.4449782967567444,-0.0166605394333601,0.22868375480175018,0.4054103493690491,-0.023142797872424126,0.20774880051612854,0.37431901693344116,-0.02718830667436123,0.1833709329366684,0.35594287514686584,-0.03119232878088951,0.22937560081481934,0.34927505254745483,-0.014960234984755516,0.2403358817100525,0.29837748408317566,-0.021163921803236008,0.2474050223827362,0.26952701807022095,-0.025992723181843758,0.2518415153026581,0.2422812581062317,-0.029935916885733604,0.20520904660224915,0.343790203332901,-0.014451569877564907,0.20825529098510742,0.2877265214920044,-0.020452018827199936,0.20888960361480713,0.25485557317733765,-0.026748085394501686,0.2081308662891388,0.22714032232761383,-0.0309519674628973,0.1840517371892929,0.3518340587615967,-0.015451952815055847,0.171086385846138,0.3028141260147095,-0.02775346301496029,0.16235755383968353,0.2681925594806671,-0.03874132037162781,0.15446695685386658,0.23991364240646362,-0.04572845995426178,0.1660044938325882,0.3695473074913025,-0.017214007675647736,0.1668589562177658,0.33718007802963257,-0.029856659471988678,0.17492878437042236,0.3507477641105652,-0.032305024564266205,0.18142883479595184,0.36993345618247986,-0.032844580709934235,3
0.7540146708488464,0.8444449305534363,3.454272814451542e-07,0.7265483140945435,0.8651089072227478,-0.017338521778583527,0.7081555724143982,0.8984148502349854,-0.031051307916641235,0.6971169114112854,0.9375450015068054,-0.04104376956820488,0.6877082586288452,0.9693602323532104,-0.05060078576207161,0.7430111169815063,0.9151389002799988,-0.04064006358385086,0.7279292941093445,0.9769462943077087,-0.05662504956126213,0.7139638662338257,1.0060343742370605,-0.06293708086013794,0.7020744681358337,1.0207527875900269,-0.06485207378864288,0.7672404050827026,0.9227232336997986,-0.036279816180467606,0.753416121006012,0.988676130771637,-0.049388956278562546,0.7389664649963379,1.0168800354003906,-0.05169965699315071,0.7271456122398376,1.0290058851242065,-0.052320729941129684,0.784538209438324,0.9265480637550354,-0.031791940331459045,0.7762786149978638,0.9888252019882202,-0.04104436933994293,0.763035774230957,1.0173180103302002,-0.04197311773896217,0.7511827945709229,1.0320587158203125,-0.04218241199851036,0.794985830783844,0.9284718632698059,-0.028133796527981758,0.7930896878242493,0.9761954545974731,-0.035285912454128265,0.7837662100791931,1.0027225017547607,-0.03631151467561722,0.7741592526435852,1.0173249244689941,-0.035931143909692764,3
0.19868455827236176,0.4684384763240814,3.63121927193788e-07,0.22148513793945312,0.445011168718338,-0.015096503309905529,0.23045514523983002,0.40586143732070923,-0.02080952189862728,0.2136194109916687,0.37360680103302,-0.0243806354701519,0.19091685116291046,0.3533683717250824,-0.02783229760825634,0.2292308360338211,0.34748730063438416,-0.012782808393239975,0.2403755933046341,0.29747965931892395,-0.018174445256590843,0.24708141386508942,0.26895278692245483,-0.02256534993648529,0.2509605884552002,0.24149572849273682,-0.026280904188752174,0.2053888589143753,0.3418482542037964,-0.012776573188602924,0.20825506746768951,0.2859988808631897,-0.018068203702569008,0.20893611013889313,0.25353682041168213,-0.023917533457279205,0.20805256068706512,0.22558555006980896,-0.027814820408821106,0.1841941475868225,0.3497840464115143,-0.014162088744342327,0.17131488025188446,0.3012431859970093,-0.02606363408267498,0.16247206926345825,0.26670002937316895,-0.036630455404520035,0.15438753366470337,0.23847445845603943,-0.04337155818939209,0.16604846715927124,0.3671334981918335,-0.016185490414500237,0.1688658595085144,0.3362969160079956,-0.028434395790100098,0.176583930850029,0.35103899240493774,-0.030468977987766266,0.1822696477174759,0.37047356367111206,-0.030719522386789322,3
0.7526392936706543,0.8431499004364014,3.5672428566613235e-07,0.7247800230979919,0.8643832206726074,-0.017711060121655464,0.7069817781448364,0.898975670337677,-0.030954798683524132,0.6964426040649414,0.9384652972221375,-0.04000122845172882,0.6869404315948486,0.9703956246376038,-0.04838861525058746,0.7412421703338623,0.9152918457984924,-0.0406014584004879,0.7254514098167419,0.9769760370254517,-0.0549706295132637,0.7130913734436035,1.0075914859771729,-0.059806834906339645,0.7032067775726318,1.02446448802948,-0.060794647783041,0.765924334526062,0.9221378564834595,-0.03534790128469467,0.7541607618331909,0.9879391193389893,-0.047718677669763565,0.7405605316162109,1.0163495540618896,-0.04888239875435829,0.7297760248184204,1.0287132263183594,-0.048309165984392166,0.7832579612731934,0.9252699613571167,-0.02984367497265339,0.7779173851013184,0.9878512620925903,-0.03895341604948044,0.7647483944892883,1.0151869058609009,-0.03918883949518204,0.7530202865600586,1.0285418033599854,-0.03844046592712402,0.7930569648742676,0.9270406365394592,-0.025088701397180557,0.7919386029243469,0.9744464755058289,-0.03240818902850151,0.7821530103683472,0.9984621405601501,-0.0330149307847023,0.7723897099494934,1.0110242366790771,-0.03191961348056793,3
0.19757524132728577,0.46857935190200806,3.67876907603204e-07,0.22007054090499878,0.4450336694717407,-0.015513177961111069,0.22772875428199768,0.4075016379356384,-0.02200552634894848,0.21066077053546906,0.37601137161254883,-0.026494665071368217,0.18852803111076355,0.3544433116912842,-0.030966365709900856,0.22917011380195618,0.34915798902511597,-0.014592200517654419,0.24076735973358154,0.2972293198108673,-0.021171506494283676,0.24768078327178955,0.2680272161960602,-0.026253592222929,0.25175750255584717,0.2404339462518692,-0.030297698453068733,0.20503608882427216,0.34317150712013245,-0.014572013169527054,0.20787891745567322,0.2869815528392792,-0.020355992019176483,0.20824825763702393,0.2539999485015869,-0.026821032166481018,0.2073165327310562,0.2253410965204239,-0.03124191053211689,0.18379804491996765,0.3507004380226135,-0.01590077392756939,0.17018896341323853,0.3030528426170349,-0.027276895940303802,0.16144025325775146,0.26823747158050537,-0.0378359816968441,0.1538144052028656,0.23928138613700867,-0.04485039412975311,0.16587994992733002,0.36764031648635864,-0.017984827980399132,0.16705411672592163,0.33968058228492737,-0.030038323253393173,0.17581681907176971,0.3502839207649231,-0.0326395109295845,0.1832592785358429,0.36521103978157043,-0.03336137905716896,3
0.7535099983215332,0.8455550074577332,3.2737835908847046e-07,0.7267552018165588,0.8662033677101135,-0.015615170821547508,0.7085208892822266,0.8990100622177124,-0.028588470071554184,0.6969951391220093,0.9378868937492371,-0.037803784012794495,0.6864005327224731,0.9684760570526123,-0.04643656313419342,0.7417567372322083,0.9167683124542236,-0.040132440626621246,0.7266126871109009,0.9791183471679688,-0.05453141778707504,0.7132061719894409,1.0064526796340942,-0.059126246720552444,0.7024260759353638,1.0189622640609741,-0.0598464272916317,0.7664597630500793,0.9243170619010925,-0.03598415106534958,0.7524221539497375,0.9905508160591125,-0.047915950417518616,0.7371279001235962,1.0152486562728882,-0.04887985438108444,0.7249705195426941,1.0229741334915161,-0.04840796813368797,0.7840756177902222,0.9276524782180786,-0.03135405480861664,0.7771231532096863,0.9901508092880249,-0.03972393274307251,0.7627235651016235,1.0149446725845337,-0.04018504545092583,0.7498507499694824,1.0250475406646729,-0.04006942734122276,0.7945080995559692,0.9285159111022949,-0.027283092960715294,0.7951864004135132,0.9745187759399414,-0.03417132794857025,0.7850942611694336,0.9965817928314209,-0.03515181317925453,0.774255096912384,1.006552815437317,-0.03462667763233185,3
0.19776704907417297,0.466452956199646,3.5815892829305085e-07,0.22056499123573303,0.4405204653739929,-0.012618590146303177,0.22881168127059937,0.40215954184532166,-0.01804269477725029,0.21022866666316986,0.3729825019836426,-0.021931711584329605,0.1878005415201187,0.3550417125225067,-0.025949550792574883,0.22827666997909546,0.347638338804245,-0.013010377064347267,0.2401711493730545,0.29574915766716003,-0.019225578755140305,0.2471257746219635,0.2662525177001953,-0.023695828393101692,0.2510155737400055,0.2394503653049469,-0.027181148529052734,0.2041722536087036,0.34282296895980835,-0.014339623041450977,0.20767128467559814,0.28635910153388977,-0.020126746967434883,0.20810826122760773,0.25316929817199707,-0.02584066428244114,0.206827312707901,0.22557805478572845,-0.02960324101150036,0.18308715522289276,0.3510536849498749,-0.016769597306847572,0.17030106484889984,0.30242589116096497,-0.027746055275201797,0.16172870993614197,0.2684187889099121,-0.03700777515769005,0.15403980016708374,0.24063768982887268,-0.043032970279455185,0.1653422713279724,0.368962824344635,-0.019721100106835365,0.16614553332328796,0.33888569474220276,-0.030899513512849808,0.17402245104312897,0.3500966727733612,-0.032141223549842834,0.18064285814762115,0.3663163483142853,-0.03187062218785286,3
0.7517959475517273,0.8424823880195618,3.4292858686058025e-07,0.7239989042282104,0.8658255338668823,-0.01667533442378044,0.7066445350646973,0.8997138738632202,-0.029756395146250725,0.696773111820221,0.9390808343887329,-0.038799628615379333,0.686172604560852,0.9700322151184082,-0.04718567803502083,0.742974579334259,0.9124828577041626,-0.040165554732084274,0.7281234264373779,0.974653422832489,-0.05347143113613129,0.7150166630744934,1.0020763874053955,-0.057445261627435684,0.7041078209877014,1.015589714050293,-0.05800294876098633,0.7681941390037537,0.9187374114990234,-0.03528442978858948,0.7558080554008484,0.9868434071540833,-0.046589188277721405,0.740297257900238,1.0127547979354858,-0.04742978885769844,0.7276721596717834,1.0213344097137451,-0.04686678573489189,0.7858527302742004,0.9214428663253784,-0.02995282970368862,0.7800090909004211,0.9862115383148193,-0.037967368960380554,0.7652679085731506,1.0109354257583618,-0.038794923573732376,0.752216100692749,1.0209119319915771,-0.038975030183792114,0.7960572838783264,0.9227417707443237,-0.02522561140358448,0.7976779937744141,0.968587338924408,-0.031989935785532,0.787912130355835,0.9899565577507019,-0.033301420509815216,0.7775697708129883,0.9993082880973816,-0.033066924661397934,3
0.19834323227405548,0.46613216400146484,3.7812637287970574e-07,0.22103233635425568,0.4409640431404114,-0.01574326679110527,0.22741341590881348,0.39927738904953003,-0.021700378507375717,0.20623524487018585,0.36765947937965393,-0.025342054665088654,0.1814431995153427,0.3487544059753418,-0.0289577879011631,0.22834712266921997,0.348240464925766,-0.014331495389342308,0.23968251049518585,0.29766571521759033,-0.020139316096901894,0.2468665987253189,0.26827478408813477,-0.024424515664577484,0.251290500164032,0.24107053875923157,-0.027946267277002335,0.20410031080245972,0.3421655595302582,-0.013876567594707012,0.20686520636081696,0.2867547869682312,-0.018705762922763824,0.20780259370803833,0.2533430755138397,-0.024104058742523193,0.20763899385929108,0.2254074513912201,-0.027829499915242195,0.18302997946739197,0.34929603338241577,-0.014857523143291473,0.1690247505903244,0.30151253938674927,-0.02610797807574272,0.1608322411775589,0.2659420669078827,-0.03716748580336571,0.15371543169021606,0.23733733594417572,-0.04466703161597252,0.16523365676403046,0.3655202388763428,-0.016556551679968834,0.16804692149162292,0.3399626612663269,-0.029535632580518723,0.17797863483428955,0.35441240668296814,-0.03308931738138199,0.18580372631549835,0.3729437291622162,-0.03450268507003784,3
0.7554000020027161,0.8426452279090881,3.260647076785972e-07,0.7267141938209534,0.8646620512008667,-0.016344314441084862,0.7075128555297852,0.8995707631111145,-0.028734466060996056,0.6972994804382324,0.9387022256851196,-0.03744065761566162,0.6880893707275391,0.9703733921051025,-0.045759569853544235,0.7417152523994446,0.9165365695953369,-0.03764883056282997,0.7275814414024353,0.9768056273460388,-0.05205264315009117,0.7146138548851013,1.0072261095046997,-0.05781915411353111,0.7035025358200073,1.0255062580108643,-0.05985797196626663,0.7655923962593079,0.9248176217079163,-0.03333017975091934,0.7526379823684692,0.9870931506156921,-0.044858597218990326,0.7388126254081726,1.016038179397583,-0.0471380390226841,0.7270784974098206,1.0307458639144897,-0.047974880784749985,0.7819132804870605,0.9282622933387756,-0.028812460601329803,0.7769491076469421,0.986067533493042,-0.03701897710561752,0.7651320695877075,1.0155271291732788,-0.03854633495211601,0.7536051273345947,1.0336436033248901,-0.039377473294734955,0.7911376357078552,0.9289981126785278,-0.02505410835146904,0.7929534316062927,0.97049880027771,-0.03156362846493721,0.7864003777503967,0.9959209561347961,-0.0330081544816494,0.7783989906311035,1.0120587348937988,-0.03306477889418602,3
0.19913826882839203,0.4656413495540619,3.7159969679123606e-07,0.22090113162994385,0.43940210342407227,-0.013573629781603813,0.22822271287441254,0.39806270599365234,-0.018577473238110542,0.20996296405792236,0.36671173572540283,-0.021785538643598557,0.1862851232290268,0.34756574034690857,-0.02511455863714218,0.22781023383140564,0.34655916690826416,-0.012605998665094376,0.2391541600227356,0.29642248153686523,-0.01844015158712864,0.24645009636878967,0.2674061357975006,-0.02296365238726139,0.2511442005634308,0.2405909299850464,-0.026575669646263123,0.20366737246513367,0.3413587808609009,-0.013283737935125828,0.20615485310554504,0.28630584478378296,-0.018282553181052208,0.20672157406806946,0.252891480922699,-0.024073731154203415,0.20658932626247406,0.2248203605413437,-0.028051644563674927,0.18259714543819427,0.34984129667282104,-0.015197760425508022,0.1692104935646057,0.30216580629348755,-0.02633814886212349,0.16100475192070007,0.26542145013809204,-0.037262577563524246,0.15410776436328888,0.23548439145088196,-0.044635429978370667,0.16442371904850006,0.36775609850883484,-0.017645929008722305,0.1672854870557785,0.34094586968421936,-0.03006364405155182,0.1775667369365692,0.35125261545181274,-0.03317377716302872,0.18605400621891022,0.366220623254776,-0.03428960591554642,3
0.7537598609924316,0.8434176445007324,3.5361392747290665e-07,0.7260327935218811,0.8634483218193054,-0.017540084198117256,0.7076320648193359,0.8983190059661865,-0.030213845893740654,0.6970071196556091,0.9372496008872986,-0.038549717515707016,0.6886731386184692,0.9688224196434021,-0.04630454257130623,0.7416421175003052,0.9163147807121277,-0.04036667197942734,0.726617693901062,0.9753319025039673,-0.05474814400076866,0.7135034799575806,1.0062366724014282,-0.05990791693329811,0.7022786736488342,1.0227816104888916,-0.060904450714588165,0.7663224339485168,0.9244295954704285,-0.034713465720415115,0.7562217712402344,0.987878680229187,-0.04669911786913872,0.7424880862236023,1.016541838645935,-0.04851096123456955,0.7305052280426025,1.027761459350586,-0.0481010377407074,0.78270423412323,0.9276849031448364,-0.028658205643296242,0.780279278755188,0.9868571758270264,-0.03709825873374939,0.7675364017486572,1.0128695964813232,-0.03849966078996658,0.7547378540039062,1.0240658521652222,-0.03851522505283356,0.7912065982818604,0.9280226826667786,-0.02330784685909748,0.7947961091995239,0.9693655967712402,-0.03034517914056778,0.7874378561973572,0.9921801686286926,-0.03217087686061859,0.7779786586761475,1.0039728879928589,-0.031903740018606186,3
0.19872894883155823,0.4652869999408722,3.713214482559124e-07,0.22094175219535828,0.43945759534835815,-0.013550209812819958,0.22839578986167908,0.3984740674495697,-0.018399864435195923,0.21006172895431519,0.3667885661125183,-0.02137797884643078,0.18680541217327118,0.34705662727355957,-0.024443240836262703,0.22730804979801178,0.34706810116767883,-0.012678693979978561,0.239146426320076,0.29670262336730957,-0.018280819058418274,0.24656373262405396,0.26762840151786804,-0.022472042590379715,0.25116434693336487,0.24039451777935028,-0.025857625529170036,0.20344515144824982,0.3416685461997986,-0.013244230300188065,0.20629967749118805,0.2863169014453888,-0.018250931054353714,0.2070631980895996,0.2528313398361206,-0.023761797696352005,0.2067975550889969,0.22442008554935455,-0.02742195501923561,0.18269214034080505,0.3499011993408203,-0.01500788051635027,0.16940990090370178,0.30242201685905457,-0.026177141815423965,0.16149292886257172,0.2652445435523987,-0.03700213134288788,0.15473181009292603,0.23476603627204895,-0.0442301481962204,0.1647789478302002,0.3676328957080841,-0.01727340742945671,0.16768993437290192,0.34101513028144836,-0.029420671984553337,0.17791837453842163,0.35222485661506653,-0.03220561891794205,0.18620873987674713,0.3680865466594696,-0.03309087082743645,3
0.7535880208015442,0.8435195088386536,3.354926434440131e-07,0.7262587547302246,0.8652096390724182,-0.01614517718553543,0.7072062492370605,0.8990861177444458,-0.029243655502796173,0.6964823603630066,0.9367240071296692,-0.03846345469355583,0.6864652633666992,0.9666104912757874,-0.04720013588666916,0.7413590550422668,0.9130117297172546,-0.040344033390283585,0.7268931865692139,0.9704774618148804,-0.055160824209451675,0.7150176167488098,1.0001354217529297,-0.06047112122178078,0.7046805024147034,1.0169538259506226,-0.061859291046857834,0.7670052647590637,0.9208517074584961,-0.036293670535087585,0.7571461200714111,0.9858373403549194,-0.04872081056237221,0.7447018027305603,1.0134121179580688,-0.04993532598018646,0.7341734170913696,1.0247976779937744,-0.04940878972411156,0.7852400541305542,0.9244350790977478,-0.0318196676671505,0.7811060547828674,0.9865888953208923,-0.041035205125808716,0.7695584297180176,1.011879324913025,-0.04130429029464722,0.7586579322814941,1.0231083631515503,-0.04062647745013237,0.7962471842765808,0.9252357482910156,-0.027968253940343857,0.7989535331726074,0.9697905778884888,-0.035571008920669556,0.7910429835319519,0.9928728342056274,-0.036590345203876495,0.7820473313331604,1.0047651529312134,-0.03583084046840668,3
0.19672055542469025,0.46564871072769165,3.6724847518598835e-07,0.22005681693553925,0.44254934787750244,-0.014801991172134876,0.22728115320205688,0.4044140875339508,-0.020597798749804497,0.20721644163131714,0.37396496534347534,-0.02438114769756794,0.18428203463554382,0.35625529289245605,-0.028117969632148743,0.2279370129108429,0.3479197323322296,-0.013877891935408115,0.2394276112318039,0.2968496084213257,-0.0200034212321043,0.2467358112335205,0.26772764325141907,-0.024729397147893906,0.25108471512794495,0.24014101922512054,-0.028538763523101807,0.20444487035274506,0.34133532643318176,-0.014103198423981667,0.20738162100315094,0.2859329581260681,-0.019554192200303078,0.20790758728981018,0.25287342071533203,-0.025423545390367508,0.20696401596069336,0.22454933822155,-0.029380369931459427,0.18367040157318115,0.34820184111595154,-0.01564762182533741,0.17013874650001526,0.300167053937912,-0.026575224474072456,0.161747008562088,0.26516109704971313,-0.03655657172203064,0.15451285243034363,0.2360747903585434,-0.04317205026745796,0.1652655452489853,0.36466652154922485,-0.0179098229855299,0.16641391813755035,0.33539018034935,-0.028990106657147408,0.1747785210609436,0.34701603651046753,-0.030779417604207993,0.18185028433799744,0.36319130659103394,-0.031078627333045006,3
0.753019392490387,0.8439979553222656,3.6171115880279103e-07,0.7253188490867615,0.8653444051742554,-0.017613766714930534,0.7070956826210022,0.8992680311203003,-0.03180035576224327,0.6962468028068542,0.9387112855911255,-0.041578419506549835,0.686761736869812,0.9705570936203003,-0.05075952783226967,0.7422538995742798,0.913145899772644,-0.04534269869327545,0.7261372208595276,0.9771561622619629,-0.059808194637298584,0.7134221792221069,1.0070246458053589,-0.06354990601539612,0.7029039263725281,1.0221974849700928,-0.06367415934801102,0.7681770324707031,0.9196544289588928,-0.040135156363248825,0.7553125619888306,0.9876391291618347,-0.05225105583667755,0.7415420413017273,1.0153825283050537,-0.05234184488654137,0.7304609417915344,1.0258532762527466,-0.05113731697201729,0.7868808507919312,0.9227163195610046,-0.034251559525728226,0.7808448076248169,0.9871086478233337,-0.04262957721948624,0.7677814364433289,1.0125693082809448,-0.042431555688381195,0.7558362483978271,1.0235192775726318,-0.04189566895365715,0.7978870272636414,0.9241657257080078,-0.02902272716164589,0.8019021153450012,0.9666176438331604,-0.036553554236888885,0.7938186526298523,0.9872004985809326,-0.03771881386637688,0.7844048142433167,0.9961629509925842,-0.037109289318323135,3
0.1948484480381012,0.4679773449897766,3.8948087421886157e-07,0.21871569752693176,0.4440118372440338,-0.017593223601579666,0.2257481962442398,0.40381866693496704,-0.024260833859443665,0.20420657098293304,0.3746163249015808,-0.028180385008454323,0.17865894734859467,0.35859328508377075,-0.032079242169857025,0.22712740302085876,0.3496837317943573,-0.01664520800113678,0.23858769237995148,0.2973851263523102,-0.0233851820230484,0.24584440886974335,0.2677769660949707,-0.028213907033205032,0.2504000961780548,0.24026542901992798,-0.032022833824157715,0.20294567942619324,0.34316781163215637,-0.015484093688428402,0.20674940943717957,0.28659212589263916,-0.021607670933008194,0.20824766159057617,0.2532999515533447,-0.028051430359482765,0.207898810505867,0.22615820169448853,-0.03237278386950493,0.1819981038570404,0.3494991660118103,-0.0158833097666502,0.16943688690662384,0.30174750089645386,-0.027929240837693214,0.1601717174053192,0.2677296996116638,-0.03963082656264305,0.15174612402915955,0.2408628612756729,-0.047267552465200424,0.16516222059726715,0.36438000202178955,-0.01713687554001808,0.16646116971969604,0.3364754021167755,-0.030124235898256302,0.17401576042175293,0.35004377365112305,-0.03378185257315636,0.17971844971179962,0.36831149458885193,-0.03521640971302986,3
0.7544471025466919,0.8457279205322266,3.590615165194322e-07,0.7263806462287903,0.8657569289207458,-0.01739918440580368,0.7076254487037659,0.8996766209602356,-0.030940815806388855,0.6972436904907227,0.937968909740448,-0.04051336646080017,0.6879553198814392,0.9686962962150574,-0.04966070502996445,0.7423905730247498,0.9143484234809875,-0.04197460785508156,0.7264418005943298,0.9753024578094482,-0.0580209381878376,0.712221622467041,1.0063073635101318,-0.06442217528820038,0.7002611756324768,1.0244783163070679,-0.06648014485836029,0.7672499418258667,0.9229989051818848,-0.03731229528784752,0.7538137435913086,0.9879834055900574,-0.05049062520265579,0.7391127347946167,1.0175694227218628,-0.052401699125766754,0.7265475988388062,1.031469464302063,-0.0527399517595768,0.7853775024414062,0.9283355474472046,-0.03234829008579254,0.7784801721572876,0.988940417766571,-0.04175471141934395,0.7642183899879456,1.0172030925750732,-0.042094968259334564,0.7509963512420654,1.0324746370315552,-0.04182441905140877,0.7967631816864014,0.9316481947898865,-0.02821826934814453,0.7960187792778015,0.9779162406921387,-0.035545069724321365,0.7852778434753418,1.0026817321777344,-0.03597046062350273,0.7741278409957886,1.0160915851593018,-0.03503076359629631,3
0.19663244485855103,0.4639892280101776,3.6651999835157767e-07,0.21988417208194733,0.4410879611968994,-0.015318723395466805,0.22758416831493378,0.4043203890323639,-0.021640367805957794,0.20903025567531586,0.3734245300292969,-0.025821862742304802,0.18617762625217438,0.3530499041080475,-0.029935404658317566,0.2282087355852127,0.346538245677948,-0.014408532530069351,0.2396358698606491,0.2953189015388489,-0.020273752510547638,0.24652551114559174,0.2662860155105591,-0.02466985583305359,0.25050443410873413,0.23927021026611328,-0.028235353529453278,0.20414236187934875,0.3401947021484375,-0.014103339053690434,0.20730367302894592,0.28477737307548523,-0.01963409222662449,0.2082350105047226,0.2522130310535431,-0.025494402274489403,0.20736795663833618,0.22492113709449768,-0.02947225421667099,0.18283437192440033,0.3473946154117584,-0.015119053423404694,0.16975384950637817,0.29922163486480713,-0.026384806260466576,0.16063982248306274,0.2649049758911133,-0.036419451236724854,0.1523875594139099,0.23717990517616272,-0.04296831786632538,0.16481523215770721,0.36377108097076416,-0.016832467168569565,0.16594955325126648,0.3330938220024109,-0.02839006297290325,0.17328020930290222,0.3456883132457733,-0.030336158350110054,0.17918960750102997,0.36402225494384766,-0.030624995008111,3
0.75319504737854,0.8466115593910217,3.61748533350692e-07,0.7256321310997009,0.867182195186615,-0.017732391133904457,0.706860363483429,0.9005565643310547,-0.03127435967326164,0.697050929069519,0.9388278126716614,-0.04078119993209839,0.6878507733345032,0.9702425003051758,-0.04980522394180298,0.7422844171524048,0.9173023104667664,-0.04080456495285034,0.7268067002296448,0.9785694479942322,-0.05555658042430878,0.7138290405273438,1.0075106620788574,-0.0610477551817894,0.7032921314239502,1.0218148231506348,-0.062473271042108536,0.7677367329597473,0.9240074753761292,-0.03584887087345123,0.7561977505683899,0.9900882840156555,-0.0481937937438488,0.7425764799118042,1.0178273916244507,-0.05064629018306732,0.7316332459449768,1.0279561281204224,-0.051313016563653946,0.7862169146537781,0.9264072775840759,-0.030548028647899628,0.7816194295883179,0.9886320233345032,-0.03940802440047264,0.7678506374359131,1.0143502950668335,-0.040989190340042114,0.7552258968353271,1.0250712633132935,-0.041681572794914246,0.7977108359336853,0.9267773628234863,-0.02595057338476181,0.7996847629547119,0.970577597618103,-0.03355647251009941,0.7893292307853699,0.9922059178352356,-0.03511495888233185,0.7782577276229858,1.001133680343628,-0.034946948289871216,3
0.19768787920475006,0.46735066175460815,3.782155317821889e-07,0.21969425678253174,0.4428938925266266,-0.014003227464854717,0.22629593312740326,0.4042985737323761,-0.019713521003723145,0.20821061730384827,0.3740176558494568,-0.023605478927493095,0.1853926032781601,0.3553536832332611,-0.02748146839439869,0.22653591632843018,0.3479619026184082,-0.013779674656689167,0.2388453483581543,0.2963208556175232,-0.0198036041110754,0.24605081975460052,0.26696452498435974,-0.0242751557379961,0.2505719065666199,0.23995769023895264,-0.02780882455408573,0.2027900218963623,0.3427814543247223,-0.01429585088044405,0.20621460676193237,0.28654128313064575,-0.019926806911826134,0.20781849324703217,0.253234326839447,-0.025793977081775665,0.207890123128891,0.22565017640590668,-0.029716145247220993,0.1819840669631958,0.3513738214969635,-0.01602347008883953,0.16787049174308777,0.3024370074272156,-0.027079438790678978,0.1593690812587738,0.26784685254096985,-0.03715991973876953,0.1517733782529831,0.24031436443328857,-0.04370947182178497,0.1646851748228073,0.36968135833740234,-0.018355490639805794,0.16592611372470856,0.33835914731025696,-0.029430346563458443,0.17493578791618347,0.34769222140312195,-0.03139860928058624,0.18248581886291504,0.36272233724594116,-0.03178282827138901,3
0.7532391548156738,0.8413926362991333,3.129192407413939e-07,0.7257204651832581,0.8657200336456299,-0.015349706634879112,0.7071985006332397,0.900127649307251,-0.02766774594783783,0.6963720321655273,0.9384193420410156,-0.03655615076422691,0.6869958639144897,0.9693364500999451,-0.04499409347772598,0.7437142729759216,0.9161865711212158,-0.03668146952986717,0.7274303436279297,0.9744685888290405,-0.0506414994597435,0.713588535785675,1.0002270936965942,-0.05626537650823593,0.7018459439277649,1.0135271549224854,-0.058166757225990295,0.7680792808532715,0.9230021238327026,-0.03295130282640457,0.7543047070503235,0.9863168597221375,-0.04363960772752762,0.7397862672805786,1.0118966102600098,-0.0454428605735302,0.7278131246566772,1.021978735923767,-0.045985158532857895,0.7856923341751099,0.9243758916854858,-0.028960075229406357,0.7797784209251404,0.9842508435249329,-0.036468081176280975,0.7667232155799866,1.0089685916900635,-0.03766966238617897,0.7543941736221313,1.0203725099563599,-0.03844431787729263,0.7963804602622986,0.9227524399757385,-0.02563464641571045,0.8025671243667603,0.9611061811447144,-0.03202414512634277,0.796442449092865,0.9808400869369507,-0.03339376673102379,0.7883237600326538,0.9898747801780701,-0.03339923545718193,3
0.19583220779895782,0.4640379250049591,3.956344301059289e-07,0.21949496865272522,0.43958422541618347,-0.01571166329085827,0.22636142373085022,0.4006538987159729,-0.022089049220085144,0.20705226063728333,0.3709157109260559,-0.026360295712947845,0.18405336141586304,0.35181933641433716,-0.03060457482933998,0.22622527182102203,0.3468687832355499,-0.015471658669412136,0.23814141750335693,0.2958570122718811,-0.02251598984003067,0.24599608778953552,0.26671773195266724,-0.027399497106671333,0.25112178921699524,0.2399839609861374,-0.031076578423380852,0.20265470445156097,0.34107843041419983,-0.015311170369386673,0.20644433796405792,0.28541505336761475,-0.021777382120490074,0.20758602023124695,0.2518405318260193,-0.027966532856225967,0.20723764598369598,0.2239929586648941,-0.031949516385793686,0.18181101977825165,0.3484538495540619,-0.016606831923127174,0.16857686638832092,0.30151990056037903,-0.028728961944580078,0.16018062829971313,0.26584845781326294,-0.03992815688252449,0.15289843082427979,0.2368089258670807,-0.04726342111825943,0.16400647163391113,0.36538681387901306,-0.018606940284371376,0.16689476370811462,0.3396783769130707,-0.03137417882680893,0.1764659434556961,0.35103052854537964,-0.03482896834611893,0.1841854751110077,0.36642172932624817,-0.0361625999212265,3
0.7555394172668457,0.8442620635032654,3.493865392556472e-07,0.7269310355186462,0.8642772436141968,-0.0173232089728117,0.7076486349105835,0.8986138105392456,-0.03017304837703705,0.6973418593406677,0.9377415776252747,-0.03907788544893265,0.6879434585571289,0.9692333340644836,-0.047488950192928314,0.7422423362731934,0.9173077940940857,-0.03929233178496361,0.7261157631874084,0.9784902334213257,-0.05382375419139862,0.7127187252044678,1.007266879081726,-0.059433165937662125,0.7012198567390442,1.0222852230072021,-0.0610700286924839,0.7671830058097839,0.9252157807350159,-0.03426726162433624,0.7539392113685608,0.990213930606842,-0.04612020030617714,0.7395628690719604,1.0166646242141724,-0.04829208552837372,0.727315366268158,1.0268713235855103,-0.04883653298020363,0.7850775122642517,0.9284770488739014,-0.028965426608920097,0.7776469588279724,0.9891259670257568,-0.03706573322415352,0.7642479538917542,1.0141935348510742,-0.0381169393658638,0.7519499063491821,1.0258406400680542,-0.03860390931367874,0.7961203455924988,0.9286016225814819,-0.02446550317108631,0.7965231537818909,0.9718291759490967,-0.030888941138982773,0.7870751619338989,0.9941515922546387,-0.03182588145136833,0.7769225239753723,1.0050742626190186,-0.03144307807087898,3
0.19707955420017242,0.4679262042045593,3.7490335103029793e-07,0.21959815919399261,0.44566279649734497,-0.014781405217945576,0.22694353759288788,0.4100514054298401,-0.021262479946017265,0.2084733247756958,0.38166192173957825,-0.025777557864785194,0.186196431517601,0.36466994881629944,-0.030482877045869827,0.22604049742221832,0.34895557165145874,-0.015705954283475876,0.23834066092967987,0.29705896973609924,-0.022221460938453674,0.2460411638021469,0.2676505446434021,-0.027128664776682854,0.2507699131965637,0.2402409315109253,-0.030926678329706192,0.20261575281620026,0.3426411747932434,-0.015857642516493797,0.20602603256702423,0.2867808938026428,-0.021238090470433235,0.20742668211460114,0.253438264131546,-0.027155522257089615,0.2069520652294159,0.22518137097358704,-0.031217601150274277,0.18212205171585083,0.34997689723968506,-0.017173118889331818,0.16863921284675598,0.30160078406333923,-0.027510395273566246,0.15947109460830688,0.26719599962234497,-0.037286270409822464,0.15125513076782227,0.23960812389850616,-0.0438743494451046,0.16473791003227234,0.3672739863395691,-0.01922215335071087,0.16444385051727295,0.3365437090396881,-0.029676910489797592,0.1722523719072342,0.34779447317123413,-0.031115718185901642,0.1787920594215393,0.36516740918159485,-0.031170235946774483,3
