0.6448255777359009,0.6480175852775574,-3.2225275781172513e-09,0.6471550464630127,0.6163256168365479,0.003095408668741584,0.6436635255813599,0.5769162774085999,0.0063478657975792885,0.639107882976532,0.5484644770622253,0.007931779138743877,0.6342287063598633,0.5262665152549744,0.009975106455385685,0.643438994884491,0.5594776272773743,0.011057202704250813,0.6359527707099915,0.5215328335762024,0.009117691777646542,0.6307435631752014,0.4981275200843811,0.006405768450349569,0.6258748769760132,0.47977766394615173,0.0044508990831673145,0.6390766501426697,0.557834804058075,0.007130423095077276,0.6328274607658386,0.5205479860305786,0.005640450865030289,0.6284982562065125,0.49898847937583923,0.0021890653297305107,0.6242818236351013,0.4786674380302429,-0.00021530869707930833,0.633958637714386,0.558323323726654,0.0024445161689072847,0.6277625560760498,0.5231740474700928,0.0014752540737390518,0.6231671571731567,0.5015045404434204,0.0003081632312387228,0.6188627481460571,0.48201921582221985,-0.0005163094610907137,0.628216028213501,0.5602098107337952,-0.002398146316409111,0.622065544128418,0.5308558344841003,-0.0017359849298372865,0.6186921000480652,0.5127205848693848,-0.00023679205332882702,0.6159485578536987,0.4975097179412842,0.0008345828391611576,ayubowan
0.6213415861129761,0.5758677124977112,4.044270252023807e-09,0.610440194606781,0.5480769276618958,-0.0009328609448857605,0.6061612963676453,0.5143587589263916,0.0013224786380305886,0.6047781109809875,0.4881730079650879,0.0030852563213557005,0.6030877232551575,0.46698683500289917,0.00577063811942935,0.6142131090164185,0.4876928925514221,0.010700748302042484,0.6121636629104614,0.45157352089881897,0.011032492853701115,0.6090838313102722,0.4300188720226288,0.008910806849598885,0.6057636737823486,0.41232484579086304,0.007117514498531818,0.6154868006706238,0.4866153299808502,0.010026507079601288,0.6125502586364746,0.4528450667858124,0.011162291280925274,0.6086722612380981,0.43162986636161804,0.008549579419195652,0.604637622833252,0.41294553875923157,0.006211419124156237,0.6160004734992981,0.48655790090560913,0.008121924474835396,0.6132932305335999,0.45488983392715454,0.009403983131051064,0.609635591506958,0.4346718490123749,0.0076241325587034225,0.6054242849349976,0.41780179738998413,0.005828822962939739,0.6171239614486694,0.4871758222579956,0.005614766851067543,0.6151316165924072,0.46071377396583557,0.007317918818444014,0.612003743648529,0.44244152307510376,0.0076742698438465595,0.6086269021034241,0.42683854699134827,0.007646160665899515,ayubowan
0.5413936376571655,0.5912221074104309,4.253593033354264e-08,0.5492725968360901,0.5708065629005432,-0.0008343996596522629,0.5578630566596985,0.5345973968505859,-0.0011102643329650164,0.5654227137565613,0.5078591704368591,-0.0022921059280633926,0.5713016390800476,0.4879268407821655,-0.0034520961344242096,0.5606297850608826,0.5112999677658081,0.0010550988372415304,0.5709501504898071,0.4774504601955414,-0.004572821315377951,0.5757111310958862,0.455261766910553,-0.009429099038243294,0.5783538222312927,0.4384346902370453,-0.012768535874783993,0.560781717300415,0.5121479630470276,-0.0026763188652694225,0.5708427429199219,0.4785742461681366,-0.007448684424161911,0.5758088231086731,0.4567458927631378,-0.011764638125896454,0.5791351199150085,0.4367515444755554,-0.014784232713282108,0.5611056685447693,0.516742467880249,-0.0071374219842255116,0.57068932056427,0.4841959476470947,-0.011012443341314793,0.5751194357872009,0.46412089467048645,-0.011723984964191914,0.578118622303009,0.4464223384857178,-0.012106566689908504,0.5619345903396606,0.5243890881538391,-0.01211534347385168,0.567811131477356,0.49756136536598206,-0.014879564754664898,0.5712891221046448,0.4807136356830597,-0.014199726283550262,0.5739718675613403,0.46710076928138733,-0.013366427272558212,ayubowan
0.6204433441162109,0.5679932832717896,1.4578178308966017e-07,0.6130355596542358,0.5402887463569641,-0.0013360291486606002,0.6068838238716125,0.5025647878646851,-0.002009663265198469,0.6020711064338684,0.47231659293174744,-0.002495005028322339,0.5949862003326416,0.45024171471595764,-0.003007573541253805,0.6076799035072327,0.48824045062065125,-0.00438877334818244,0.5984134674072266,0.44813138246536255,-0.01069880835711956,0.5910171270370483,0.41885998845100403,-0.015919607132673264,0.5853516459465027,0.39416375756263733,-0.019389722496271133,0.6061447858810425,0.4898208677768707,-0.006989873014390469,0.5953392386436462,0.4481835961341858,-0.011907488107681274,0.5878337025642395,0.4167763590812683,-0.016274988651275635,0.5828374624252319,0.38826143741607666,-0.0195553470402956,0.6012336611747742,0.49380603432655334,-0.009564285166561604,0.5925740599632263,0.45522603392601013,-0.013745424337685108,0.5867291688919067,0.4271906316280365,-0.016287581995129585,0.5821292996406555,0.40281355381011963,-0.018193453550338745,0.593632161617279,0.5020461082458496,-0.012245913036167622,0.5877305865287781,0.4755898714065552,-0.01631641387939453,0.5841554999351501,0.4564734399318695,-0.01745857670903206,0.5809882879257202,0.43955618143081665,-0.017977874726057053,ayubowan
0.5438939929008484,0.5787944197654724,9.489518504324224e-08,0.5570563077926636,0.5508855581283569,0.0013352177338674664,0.5646083950996399,0.5167685747146606,0.0016917953034862876,0.5703914165496826,0.49061885476112366,0.0002788321871776134,0.5731778144836426,0.46967947483062744,-0.0013806300703436136,0.5526983141899109,0.5007761120796204,0.0014175059041008353,0.5601484775543213,0.4643649756908417,-0.006229119841009378,0.5652068853378296,0.4378226101398468,-0.012296486645936966,0.5688756704330444,0.41673579812049866,-0.01644350029528141,0.5518360137939453,0.502818763256073,-0.004655803553760052,0.5585967302322388,0.4647039473056793,-0.012707660906016827,0.5637577176094055,0.4367596507072449,-0.019645944237709045,0.5686852335929871,0.41077926754951477,-0.023911774158477783,0.554853081703186,0.509233832359314,-0.011106206104159355,0.5610394477844238,0.4708399772644043,-0.01914634183049202,0.5663236379623413,0.4450165629386902,-0.02434905804693699,0.5711742639541626,0.42162078619003296,-0.02724228985607624,0.5615840554237366,0.5201857089996338,-0.017564406618475914,0.5643833875656128,0.49625664949417114,-0.024196142330765724,0.5677508115768433,0.47953951358795166,-0.02663828805088997,0.5723087787628174,0.4654318392276764,-0.02774839475750923,ayubowan
0.5359963774681091,0.5770686864852905,1.2084643685739138e-07,0.5488072037696838,0.5515631437301636,-6.518959708046168e-05,0.5595771074295044,0.5192534327507019,-0.0022961164359003305,0.5683334469795227,0.49562522768974304,-0.00567706348374486,0.5732596516609192,0.47373366355895996,-0.009586255997419357,0.5523554682731628,0.5006109476089478,-0.005106157623231411,0.5601233839988708,0.46347755193710327,-0.014166991226375103,0.5647285580635071,0.4360813498497009,-0.02075079269707203,0.5687540173530579,0.41418391466140747,-0.025196868926286697,0.5514719486236572,0.5033805966377258,-0.011091270484030247,0.5568653345108032,0.46634602546691895,-0.019504647701978683,0.5613129138946533,0.4386867880821228,-0.026066575199365616,0.5650072693824768,0.41396474838256836,-0.030514106154441833,0.5531190633773804,0.5103818774223328,-0.017265740782022476,0.5572338700294495,0.47404447197914124,-0.024814357981085777,0.5604036450386047,0.44864386320114136,-0.028124995529651642,0.5626299977302551,0.42616361379623413,-0.030191756784915924,0.5577002167701721,0.5212228894233704,-0.02357635274529457,0.5596773624420166,0.4956355094909668,-0.030027948319911957,0.5616822242736816,0.47617170214653015,-0.03159204125404358,0.5640522241592407,0.45910969376564026,-0.03230087459087372,ayubowan
0.5281917452812195,0.5741918683052063,8.331113576787175e-08,0.5396567583084106,0.552070140838623,-0.0031842337921261787,0.5496613383293152,0.5182539820671082,-0.0038790926337242126,0.5559078454971313,0.49072104692459106,-0.004987985827028751,0.558901846408844,0.46873360872268677,-0.005790951196104288,0.5433469414710999,0.49886244535446167,-0.0007926702965050936,0.548871636390686,0.4627443850040436,-0.007821853272616863,0.5515249967575073,0.4354897439479828,-0.01365415845066309,0.5530489087104797,0.41353195905685425,-0.017608344554901123,0.5425004959106445,0.49903011322021484,-0.0034712322521954775,0.5478184819221497,0.4624404311180115,-0.010449841618537903,0.5517685413360596,0.4351333975791931,-0.016482234001159668,0.555474042892456,0.4092108905315399,-0.020228099077939987,0.5437835454940796,0.5013381242752075,-0.006890337448567152,0.5487143993377686,0.46535196900367737,-0.013465505093336105,0.5525562763214111,0.4394036531448364,-0.016581380739808083,0.5554394721984863,0.41535061597824097,-0.01795930787920952,0.5471873879432678,0.506465494632721,-0.010869626887142658,0.551306426525116,0.4790433943271637,-0.01585707813501358,0.5540955066680908,0.46005842089653015,-0.016927387565374374,0.556701123714447,0.4431198239326477,-0.017035648226737976,ayubowan
0.5173274874687195,0.5747772455215454,1.1512972974969671e-07,0.5357484817504883,0.5562488436698914,-0.007193004246801138,0.5506752133369446,0.5233836770057678,-0.008886790834367275,0.559154212474823,0.4953003227710724,-0.010267225094139576,0.5617313981056213,0.4702639579772949,-0.011097717098891735,0.5421158671379089,0.5049532651901245,-0.003326940583065152,0.548163652420044,0.46749794483184814,-0.011357399635016918,0.5518312454223633,0.4385058283805847,-0.017807578667998314,0.5542812347412109,0.41514790058135986,-0.021985262632369995,0.5370410084724426,0.5039621591567993,-0.0041982815600931644,0.5412551760673523,0.46699023246765137,-0.012150227092206478,0.5449095368385315,0.43809080123901367,-0.01883811689913273,0.5483296513557434,0.41087377071380615,-0.022767461836338043,0.5343636870384216,0.5046974420547485,-0.006115262396633625,0.5385016798973083,0.4686485230922699,-0.013925696723163128,0.5428731441497803,0.4417629539966583,-0.01674092933535576,0.5463908314704895,0.4171559810638428,-0.017306867986917496,0.534068763256073,0.5077674388885498,-0.008963431231677532,0.5384857058525085,0.4787037670612335,-0.015107281506061554,0.5425123572349548,0.457273930311203,-0.016128679737448692,0.5461211800575256,0.4386316239833832,-0.015696663409471512,ayubowan
0.5205724239349365,0.5727977156639099,9.322694438651524e-08,0.5328198671340942,0.547770619392395,-0.0034024755004793406,0.5418661832809448,0.5128438472747803,-0.0037713816855102777,0.5458254814147949,0.4858176112174988,-0.004913340322673321,0.5482165217399597,0.4640911817550659,-0.0054817842319607735,0.5352546572685242,0.49646615982055664,0.0010537994094192982,0.5408490896224976,0.4606509506702423,-0.006703701335936785,0.5439404845237732,0.4319959282875061,-0.013355065137147903,0.5457199811935425,0.40822264552116394,-0.0176969263702631,0.5321915745735168,0.49663275480270386,-0.0019456358859315515,0.5356415510177612,0.45972684025764465,-0.009906364604830742,0.5391687750816345,0.4299592077732086,-0.01688516139984131,0.5428241491317749,0.40203234553337097,-0.021019844338297844,0.5315844416618347,0.4976739287376404,-0.00588942551985383,0.5349718928337097,0.46086305379867554,-0.013413488864898682,0.5386411547660828,0.4328756332397461,-0.017003841698169708,0.5415129661560059,0.40733855962753296,-0.01809382438659668,0.5337936282157898,0.5010767579078674,-0.010524087585508823,0.537565290927887,0.47063884139060974,-0.01617617905139923,0.5405492782592773,0.44799602031707764,-0.017494410276412964,0.543449342250824,0.4280621111392975,-0.017333079129457474,ayubowan
0.5201445817947388,0.585691511631012,9.79294654257501e-08,0.5355464220046997,0.5657007098197937,-0.0073690395802259445,0.547203540802002,0.530648946762085,-0.009058905765414238,0.5529941916465759,0.5018668174743652,-0.010580877773463726,0.5541257858276367,0.4772094190120697,-0.011663269251585007,0.5371021032333374,0.509770393371582,-0.0036539542488753796,0.5430402755737305,0.4715062975883484,-0.011929892934858799,0.546773374080658,0.44363659620285034,-0.018438616767525673,0.5489014387130737,0.42126384377479553,-0.02276378683745861,0.5336766839027405,0.5104524493217468,-0.004838739056140184,0.5368676781654358,0.4725935459136963,-0.013894962146878242,0.5391972661018372,0.4435504674911499,-0.021701928228139877,0.5413514971733093,0.41531386971473694,-0.026257118210196495,0.5330950617790222,0.513720691204071,-0.0070775337517261505,0.5364034175872803,0.47687414288520813,-0.016080103814601898,0.538844883441925,0.450771301984787,-0.020890111103653908,0.5407770872116089,0.4261709153652191,-0.02283507026731968,0.5351477265357971,0.519655704498291,-0.010156488046050072,0.5383926630020142,0.49318283796310425,-0.01752510666847229,0.5410214066505432,0.47392433881759644,-0.020189901813864708,0.5437406897544861,0.4567302167415619,-0.020932700484991074,ayubowan
0.5208963751792908,0.584132969379425,1.1119327325559425e-07,0.5400905609130859,0.5640463829040527,-0.00580489682033658,0.5521067976951599,0.5298662781715393,-0.007110951468348503,0.5566936135292053,0.5028248429298401,-0.008352420292794704,0.5570704936981201,0.4807571470737457,-0.009376496076583862,0.5425748825073242,0.5082095861434937,-0.004394538700580597,0.5485552549362183,0.47119542956352234,-0.012310462072491646,0.5522000193595886,0.44334501028060913,-0.018284417688846588,0.5545123219490051,0.42105633020401,-0.022341609001159668,0.5382059812545776,0.5092000365257263,-0.006241336464881897,0.5429610013961792,0.4724816381931305,-0.014788283035159111,0.5464039444923401,0.44413992762565613,-0.021765490993857384,0.549526035785675,0.41688072681427,-0.026019413024187088,0.5358723402023315,0.5137349367141724,-0.008893449790775776,0.5401167273521423,0.4789370596408844,-0.017727328464388847,0.5428813099861145,0.4541863203048706,-0.0222458578646183,0.5448387861251831,0.4308725595474243,-0.024182040244340897,0.53596031665802,0.5218498706817627,-0.012155886739492416,0.539554238319397,0.49572402238845825,-0.01958562806248665,0.5423527359962463,0.47642529010772705,-0.022326257079839706,0.5449457168579102,0.45923948287963867,-0.023316940292716026,ayubowan
0.5185269117355347,0.5888804793357849,1.0576054165767346e-07,0.5370450019836426,0.5652755498886108,-0.005623628385365009,0.5501364469528198,0.531175971031189,-0.007078409660607576,0.5572999119758606,0.5040208697319031,-0.008725989609956741,0.5586475133895874,0.4807197153568268,-0.010219474323093891,0.537527859210968,0.5109184384346008,-0.0031654539052397013,0.5445256233215332,0.4743196368217468,-0.011955145746469498,0.5492809414863586,0.4464607834815979,-0.018908420577645302,0.5523465275764465,0.4240599572658539,-0.023661386221647263,0.5349809527397156,0.5127119421958923,-0.00563125591725111,0.540565550327301,0.4756390452384949,-0.01473565399646759,0.5448774099349976,0.4472283720970154,-0.022400187328457832,0.548889696598053,0.41992735862731934,-0.027073800563812256,0.5347898602485657,0.5190417766571045,-0.009074848145246506,0.5393946766853333,0.4830346703529358,-0.018493276089429855,0.5427800416946411,0.45810142159461975,-0.023428458720445633,0.545715868473053,0.4346321225166321,-0.02567659690976143,0.5370672941207886,0.5298389196395874,-0.013182726688683033,0.540287971496582,0.5054338574409485,-0.021350577473640442,0.5427777171134949,0.4876258671283722,-0.024290533736348152,0.5454481244087219,0.47184044122695923,-0.025352459400892258,ayubowan
0.5232852697372437,0.5918782949447632,8.309817189910973e-08,0.5411204695701599,0.5687493681907654,-0.0023927169386297464,0.5513988733291626,0.5333150029182434,-0.0022235335782170296,0.5570223331451416,0.5077278017997742,-0.0028739720582962036,0.5582633018493652,0.48707321286201477,-0.003620225004851818,0.5416649580001831,0.5125245451927185,-0.00082722760271281,0.5471256971359253,0.4773794710636139,-0.007601398508995771,0.551058828830719,0.4513469636440277,-0.013174191117286682,0.5538671016693115,0.4305858016014099,-0.017199156805872917,0.5375131368637085,0.5142210125923157,-0.004663408733904362,0.539541482925415,0.47852808237075806,-0.011784350499510765,0.542466938495636,0.4512169659137726,-0.01870855875313282,0.5455822348594666,0.42566537857055664,-0.023415695875883102,0.5352163910865784,0.520486056804657,-0.009216463193297386,0.5371676683425903,0.4860726594924927,-0.01735042966902256,0.5404961705207825,0.462532103061676,-0.023136429488658905,0.5438718199729919,0.4412221610546112,-0.026489997282624245,0.5354732871055603,0.5305580496788025,-0.01405150443315506,0.5383279323577881,0.5076390504837036,-0.021597839891910553,0.5424800515174866,0.49212709069252014,-0.025251168757677078,0.5471858978271484,0.4789706766605377,-0.027250779792666435,ayubowan
0.5178545117378235,0.587216317653656,9.389651012270406e-08,0.5361397862434387,0.5659518241882324,-0.00299241510219872,0.5476839542388916,0.5353191494941711,-0.0039546252228319645,0.555227518081665,0.5111216306686401,-0.005619944538921118,0.5581925511360168,0.4901176691055298,-0.007179279811680317,0.5357626676559448,0.5117080211639404,-0.0006938090664334595,0.5426908731460571,0.4778602123260498,-0.007744616363197565,0.5468823909759521,0.4537052512168884,-0.013529075309634209,0.5496720671653748,0.4347567558288574,-0.017570223659276962,0.5325809121131897,0.5122074484825134,-0.00414479011669755,0.5382652878761292,0.4778795540332794,-0.011313454248011112,0.5425339341163635,0.4534270167350769,-0.017735393717885017,0.5461030006408691,0.43093347549438477,-0.02177051082253456,0.5322273373603821,0.5175933837890625,-0.00840058270841837,0.5377345085144043,0.48430588841438293,-0.016022011637687683,0.5419312715530396,0.4619826674461365,-0.020386377349495888,0.5454860925674438,0.44174984097480774,-0.022665195167064667,0.5349249839782715,0.5276985764503479,-0.013077452778816223,0.5392068028450012,0.5066922903060913,-0.01987290009856224,0.5427471399307251,0.49155938625335693,-0.022188713774085045,0.5464913249015808,0.47830328345298767,-0.02306296117603779,ayubowan
0.5197023749351501,0.5846956968307495,9.128167022254274e-08,0.53411465883255,0.5609760880470276,-0.0010049759875983,0.5449186563491821,0.531846821308136,-0.001853819121606648,0.5527427196502686,0.5093237161636353,-0.0039034439250826836,0.556133508682251,0.4890264868736267,-0.005765071138739586,0.5344905257225037,0.5122065544128418,0.0005913022323511541,0.5427604913711548,0.4780749976634979,-0.006219679489731789,0.5475727319717407,0.4539061486721039,-0.011544184759259224,0.5506887435913086,0.43525180220603943,-0.015069295652210712,0.5319145321846008,0.5134451985359192,-0.003839839017018676,0.5371459126472473,0.4794825613498688,-0.01070768479257822,0.5412449240684509,0.4548218846321106,-0.016558803617954254,0.5445517897605896,0.43242427706718445,-0.020093796774744987,0.5327771306037903,0.5187753438949585,-0.008899929001927376,0.537190318107605,0.4855356514453888,-0.015838177874684334,0.5409489870071411,0.4631531238555908,-0.019222399219870567,0.5441298484802246,0.44309520721435547,-0.020762942731380463,0.5374462008476257,0.5282229781150818,-0.014282776042819023,0.5409457683563232,0.5061700940132141,-0.01993824914097786,0.5438850522041321,0.49000877141952515,-0.021240122616291046,0.5469712018966675,0.476104736328125,-0.021386470645666122,ayubowan
0.5102289915084839,0.5808501243591309,1.2614889044471056e-07,0.5241782665252686,0.5577407479286194,-0.003627759637311101,0.5385313034057617,0.5266529321670532,-0.005412328988313675,0.5500565767288208,0.5021630525588989,-0.007799942046403885,0.553371250629425,0.48059478402137756,-0.010007577948272228,0.5292645692825317,0.5095247626304626,-0.002387761604040861,0.5371595025062561,0.4730972647666931,-0.01035014633089304,0.5416430830955505,0.44520723819732666,-0.01662829890847206,0.5444439053535461,0.4232649505138397,-0.020755186676979065,0.5287003517150879,0.5112484097480774,-0.006022443994879723,0.5342797636985779,0.4741920828819275,-0.01396008301526308,0.5383061766624451,0.4453410506248474,-0.021037012338638306,0.5414051413536072,0.4192180633544922,-0.025322115048766136,0.5315362811088562,0.517080545425415,-0.010331613011658192,0.5367640852928162,0.48019617795944214,-0.01815590262413025,0.5403263568878174,0.4542793929576874,-0.022649716585874557,0.5426245927810669,0.43111395835876465,-0.02479497529566288,0.5376039743423462,0.5266907811164856,-0.015143968164920807,0.5420475006103516,0.501737654209137,-0.021526142954826355,0.5448549389839172,0.48372596502304077,-0.02353264018893242,0.5474903583526611,0.4682004749774933,-0.024075817316770554,ayubowan
0.5081444382667542,0.5697779655456543,1.14437554543656e-07,0.5220954418182373,0.5442113280296326,-0.002857784740626812,0.533482551574707,0.5121346116065979,-0.003979438915848732,0.542203962802887,0.4855472445487976,-0.005702611990272999,0.5451838970184326,0.46491163969039917,-0.007026126142591238,0.522102415561676,0.4974556863307953,-0.00023840433277655393,0.5286965370178223,0.4614810645580292,-0.007920082658529282,0.5329357981681824,0.4345858097076416,-0.013992482796311378,0.5357511639595032,0.4128865599632263,-0.017895100638270378,0.5217515826225281,0.4987574517726898,-0.0032119902316480875,0.5275685787200928,0.46262073516845703,-0.010888387449085712,0.5325261354446411,0.4356784224510193,-0.016876140609383583,0.5371192097663879,0.41110509634017944,-0.020329419523477554,0.5239835977554321,0.5027166604995728,-0.006962372921407223,0.5292491912841797,0.46687448024749756,-0.014317669905722141,0.5337114334106445,0.4412476420402527,-0.017125844955444336,0.5369716882705688,0.4191576838493347,-0.017802011221647263,0.5292269587516785,0.5094887018203735,-0.011197215877473354,0.5334286093711853,0.4818378984928131,-0.01644832082092762,0.5364314913749695,0.461861252784729,-0.017156539484858513,0.539156973361969,0.44499021768569946,-0.01667189784348011,ayubowan
0.5032657980918884,0.5693257451057434,1.1944170807964838e-07,0.510179877281189,0.5429835319519043,-0.0011240929597988725,0.5190966129302979,0.5085504055023193,-0.0020165841560810804,0.5281360149383545,0.48185983300209045,-0.003958968445658684,0.5314813852310181,0.4599485993385315,-0.005987341981381178,0.5140427947044373,0.4941689372062683,-0.0011655796552076936,0.5218403935432434,0.4585656225681305,-0.009413301944732666,0.5255311131477356,0.4292519986629486,-0.01626773551106453,0.527488648891449,0.40543168783187866,-0.02101249247789383,0.515066385269165,0.4971020221710205,-0.006204994395375252,0.5204607844352722,0.4595701992511749,-0.014174086041748524,0.5238486528396606,0.42886224389076233,-0.021607695147395134,0.5265121459960938,0.4005623459815979,-0.026484649628400803,0.51844722032547,0.5036567449569702,-0.011670803651213646,0.5225890874862671,0.46619749069213867,-0.01951754465699196,0.5256043672561646,0.43953514099121094,-0.024219030514359474,0.5276046991348267,0.4154466390609741,-0.026825839653611183,0.5244109034538269,0.5144996047019958,-0.017438799142837524,0.5279629230499268,0.4897402822971344,-0.02412920445203781,0.5302578806877136,0.47203680872917175,-0.02637571096420288,0.5328716039657593,0.45662808418273926,-0.027305589988827705,ayubowan
0.5000103116035461,0.5673978924751282,1.160744389494539e-07,0.504345715045929,0.5378769636154175,0.0009961796458810568,0.5128688812255859,0.5040929913520813,-0.00019026566587854177,0.5218347311019897,0.4798166751861572,-0.002842728281393647,0.5262135863304138,0.4587607979774475,-0.0056871878914535046,0.511134147644043,0.49189433455467224,-0.0016631480539217591,0.5190700888633728,0.4545760750770569,-0.010310404002666473,0.5230308175086975,0.4254463016986847,-0.016924163326621056,0.5254215598106384,0.4018727242946625,-0.0212071742862463,0.5131276845932007,0.4953748881816864,-0.007992738857865334,0.5197966694831848,0.4571134150028229,-0.016379499807953835,0.5239222049713135,0.42643803358078003,-0.02371487207710743,0.5269665122032166,0.39818617701530457,-0.02818421833217144,0.5177860260009766,0.5026037096977234,-0.014369605109095573,0.5228925347328186,0.4645984470844269,-0.021939773112535477,0.5263195633888245,0.4379383623600006,-0.026027070358395576,0.5286619663238525,0.4134557843208313,-0.028064323589205742,0.5251518487930298,0.5138137340545654,-0.020821718499064445,0.5277788639068604,0.4886770248413086,-0.0266872625797987,0.5299109220504761,0.4702740013599396,-0.027938183397054672,0.5326969623565674,0.45391035079956055,-0.02803638204932213,ayubowan
0.5052317976951599,0.5637558698654175,1.0673340256062147e-07,0.5217856168746948,0.5426244139671326,-0.0036347494460642338,0.5336874723434448,0.5092231631278992,-0.004679457750171423,0.5406367778778076,0.4838410019874573,-0.006200075149536133,0.5421743392944336,0.4614306092262268,-0.007435344159603119,0.5241472125053406,0.48650461435317993,-0.0011115912348031998,0.529417872428894,0.44957658648490906,-0.008703691884875298,0.5317361354827881,0.42078322172164917,-0.015013215132057667,0.5320557355880737,0.39750567078590393,-0.019259067252278328,0.5223231315612793,0.48711273074150085,-0.004005877301096916,0.5274658799171448,0.4499063789844513,-0.011804685927927494,0.5302780270576477,0.4210636019706726,-0.018897276371717453,0.5319411754608154,0.39444249868392944,-0.02319679595530033,0.5227370262145996,0.49088171124458313,-0.007589534390717745,0.5272484421730042,0.455138236284256,-0.014800474978983402,0.5292325615882874,0.42852598428726196,-0.01877380907535553,0.5298048257827759,0.4040217697620392,-0.020604439079761505,0.5253995060920715,0.49825382232666016,-0.011722423136234283,0.5287899971008301,0.4715280532836914,-0.017302703112363815,0.5309521555900574,0.4513566195964813,-0.01891678385436535,0.5329397320747375,0.43376246094703674,-0.019225357100367546,ayubowan
0.509292483329773,0.5725182294845581,5.964957239257274e-08,0.516934871673584,0.5464451313018799,-0.002086104592308402,0.526047945022583,0.5128035545349121,-0.003717330750077963,0.5333162546157837,0.48736515641212463,-0.006038687191903591,0.5377909541130066,0.46559616923332214,-0.00813266634941101,0.5226194262504578,0.4957502484321594,-0.002766021527349949,0.5298851132392883,0.4580995738506317,-0.010938409715890884,0.5329251289367676,0.43074026703834534,-0.017023639753460884,0.5341246128082275,0.409339964389801,-0.020894432440400124,0.5228840112686157,0.4968325197696686,-0.006631918717175722,0.5293142795562744,0.4588816165924072,-0.014736986719071865,0.5330893397331238,0.4308459758758545,-0.020844334736466408,0.5359653234481812,0.4053294062614441,-0.0243833027780056,0.5255248546600342,0.501613438129425,-0.01103320810943842,0.5311431288719177,0.4643430709838867,-0.018049748614430428,0.5346161127090454,0.43846845626831055,-0.021046752110123634,0.5371949076652527,0.4150100648403168,-0.022283663973212242,0.5305319428443909,0.5098903179168701,-0.015824519097805023,0.5340949892997742,0.4831199049949646,-0.020806916058063507,0.536431610584259,0.46443694829940796,-0.02151094563305378,0.5388246774673462,0.4479922950267792,-0.021260442212224007,ayubowan
0.5081159472465515,0.5901855826377869,6.753114689672657e-08,0.5245939493179321,0.5699266791343689,-0.00390771497040987,0.5350278615951538,0.5367892384529114,-0.0051411222666502,0.5416436195373535,0.5115551948547363,-0.006793992128223181,0.5446500778198242,0.4909488260746002,-0.008453167974948883,0.5235222578048706,0.513398289680481,-0.003526797518134117,0.5292518138885498,0.4772476553916931,-0.011518576182425022,0.5330002307891846,0.4508898854255676,-0.01797272078692913,0.5349959135055542,0.42960402369499207,-0.022454066202044487,0.5219051837921143,0.5141654014587402,-0.006617426406592131,0.5286274552345276,0.47800546884536743,-0.014538822695612907,0.5337981581687927,0.45098981261253357,-0.021372374147176743,0.5382367372512817,0.4262363016605377,-0.025830518454313278,0.5225173830986023,0.5193109512329102,-0.010463027283549309,0.5299033522605896,0.4843733608722687,-0.018252069130539894,0.5352902412414551,0.4607088565826416,-0.022728770971298218,0.5393813848495483,0.43984299898147583,-0.025169281288981438,0.524975597858429,0.5283670425415039,-0.014821075834333897,0.5298265814781189,0.5047271251678467,-0.02141711302101612,0.5342508554458618,0.488195538520813,-0.023737149313092232,0.5387114882469177,0.47470977902412415,-0.02475893124938011,ayubowan
0.5062754154205322,0.5990886688232422,7.281624192501113e-08,0.5212047100067139,0.5799062252044678,-0.0031797343399375677,0.5326243042945862,0.5479966998100281,-0.0034107028041034937,0.5394806861877441,0.5241647362709045,-0.004098213277757168,0.5428459644317627,0.5037185549736023,-0.004521817434579134,0.5225219130516052,0.5228009819984436,-0.00016822852194309235,0.5279372334480286,0.48824453353881836,-0.006609500385820866,0.5310368537902832,0.4624396860599518,-0.011939536780118942,0.5328906178474426,0.44252583384513855,-0.01564982905983925,0.5213319659233093,0.5222781300544739,-0.0028985876124352217,0.5271676778793335,0.4874359965324402,-0.009487904608249664,0.5321460366249084,0.4621814787387848,-0.015464049763977528,0.5366910099983215,0.4384712278842926,-0.0191288273781538,0.5227180123329163,0.5267187356948853,-0.006462132558226585,0.5278732180595398,0.4930189251899719,-0.013237513601779938,0.5316940546035767,0.4711768329143524,-0.0173745546489954,0.5345936417579651,0.45165976881980896,-0.019471166655421257,0.5266655683517456,0.535459578037262,-0.010521299205720425,0.5308732390403748,0.514014720916748,-0.016024179756641388,0.5343647003173828,0.49993064999580383,-0.018026558682322502,0.5379716157913208,0.4878654479980469,-0.0187841709703207,ayubowan
0.5062167048454285,0.596542477607727,7.09253527020337e-08,0.5184266567230225,0.5759614109992981,-0.0014710284303873777,0.5288122296333313,0.5467864871025085,-0.0017881853273138404,0.5352299809455872,0.5244539380073547,-0.0027558079455047846,0.5385065078735352,0.5063570141792297,-0.0034465722274035215,0.5231444835662842,0.5242961645126343,0.00037651046295650303,0.5288006663322449,0.48942098021507263,-0.005234796088188887,0.5309629440307617,0.4643172323703766,-0.009613136760890484,0.5317776799201965,0.4456334114074707,-0.012423994950950146,0.5223903059959412,0.523432195186615,-0.003023208351805806,0.5284132361412048,0.4881058633327484,-0.008397812955081463,0.5319310426712036,0.4628600776195526,-0.013211807236075401,0.5344411730766296,0.44112685322761536,-0.016140969470143318,0.5226836800575256,0.5263963937759399,-0.007039814256131649,0.5285632610321045,0.49322351813316345,-0.012021498754620552,0.5318973660469055,0.47038429975509644,-0.014888563193380833,0.5342081785202026,0.4503122568130493,-0.016435865312814713,0.524208664894104,0.533331573009491,-0.01141802966594696,0.5282353758811951,0.5109400749206543,-0.015217667445540428,0.5310160517692566,0.49524930119514465,-0.015941118821501732,0.533564567565918,0.4820685088634491,-0.01596267707645893,ayubowan
0.5064979195594788,0.5968498587608337,7.035525584342395e-08,0.5231908559799194,0.5839920043945312,-0.004574275575578213,0.5340930223464966,0.55466228723526,-0.004234782885760069,0.5386565327644348,0.5315034985542297,-0.0038279013242572546,0.5398123860359192,0.5125534534454346,-0.002633023075759411,0.5258803367614746,0.5246444344520569,0.002142177429050207,0.5314478874206543,0.49193334579467773,-0.0013357995776459575,0.5339722037315369,0.4692806601524353,-0.004981063771992922,0.5346367955207825,0.45164406299591064,-0.00748468330129981,0.521082878112793,0.5207100510597229,0.0020647451747208834,0.525641679763794,0.48831766843795776,-0.0016203437699005008,0.5285815596580505,0.4655221402645111,-0.005903145298361778,0.5304028987884521,0.44474777579307556,-0.008555956184864044,0.5180779695510864,0.5196337699890137,0.0010562808020040393,0.5225078463554382,0.48922988772392273,-0.002019621664658189,0.5254930853843689,0.4691484272480011,-0.004097404424101114,0.5273930430412292,0.45124661922454834,-0.005052900407463312,0.5167579650878906,0.5214678049087524,-0.0007122725364752114,0.5200663805007935,0.497460275888443,-0.0026168490294367075,0.522126317024231,0.48083749413490295,-0.0029685162007808685,0.523658812046051,0.4671626389026642,-0.002726458478718996,ayubowan
0.5048590898513794,0.6000080704689026,7.699221526991096e-08,0.5164660811424255,0.5769580602645874,-0.00033402047120034695,0.5256102085113525,0.5469163656234741,-0.0006820595008321106,0.5333688855171204,0.5261132717132568,-0.0020867472048848867,0.5361269116401672,0.508770763874054,-0.003615711582824588,0.5196564197540283,0.525385320186615,-0.0002035692596109584,0.5256404280662537,0.4931986629962921,-0.0068318662233650684,0.5286335945129395,0.4688141942024231,-0.012242105789482594,0.5305383801460266,0.45016053318977356,-0.01604742743074894,0.5184003114700317,0.5271614789962769,-0.005217957776039839,0.522625207901001,0.4934083819389343,-0.011704640462994576,0.5259074568748474,0.46733954548835754,-0.01777099072933197,0.5289238691329956,0.4443127512931824,-0.021842272952198982,0.5183354020118713,0.534064769744873,-0.01076455693691969,0.5226300358772278,0.501693606376648,-0.01755833439528942,0.52616286277771,0.47998905181884766,-0.022140704095363617,0.5293335318565369,0.46068093180656433,-0.024938371032476425,0.5198162794113159,0.5458205938339233,-0.016482319682836533,0.5231204628944397,0.5269654393196106,-0.02272721566259861,0.5263757705688477,0.5129555463790894,-0.025258628651499748,0.5301223993301392,0.5009890794754028,-0.026579618453979492,ayubowan
0.5071414113044739,0.5971533060073853,9.334424788676188e-08,0.5183668732643127,0.5754426717758179,-0.0013827681541442871,0.5263096690177917,0.5449774861335754,-0.0025783248711377382,0.5324503183364868,0.5233354568481445,-0.004594209138303995,0.5346567034721375,0.5052012205123901,-0.006756377872079611,0.5193090438842773,0.5245261192321777,-0.0034935285802930593,0.5249725580215454,0.4904915988445282,-0.011449851095676422,0.5277330875396729,0.46472853422164917,-0.01743551343679428,0.5288995504379272,0.4442642033100128,-0.021469689905643463,0.5177456736564636,0.5260547399520874,-0.008080937899649143,0.5223907828330994,0.4912484884262085,-0.01617727056145668,0.5249167680740356,0.46445775032043457,-0.02279869094491005,0.5268455147743225,0.4397287368774414,-0.026909008622169495,0.5179263949394226,0.5323077440261841,-0.013015869073569775,0.5219302177429199,0.4990645945072174,-0.020974379032850266,0.5239642858505249,0.4764654338359833,-0.0255317110568285,0.5255188345909119,0.45560169219970703,-0.027904240414500237,0.5202158689498901,0.5428506135940552,-0.018143897876143456,0.5229018926620483,0.5211372375488281,-0.02517654560506344,0.5252643823623657,0.5049217343330383,-0.027787387371063232,0.5282266736030579,0.4906993508338928,-0.028819702565670013,ayubowan
0.5029762983322144,0.5990235209465027,7.044261707278565e-08,0.5089342594146729,0.5764055252075195,0.0007946239784359932,0.5153208374977112,0.5446955561637878,0.0015188450925052166,0.5207995772361755,0.5224987864494324,0.001106614712625742,0.525543212890625,0.5062308311462402,0.000733209599275142,0.5131368041038513,0.5267595648765564,0.0020248875953257084,0.5209852457046509,0.4954306185245514,-0.003032815409824252,0.5246315598487854,0.47264209389686584,-0.00718397693708539,0.5265412330627441,0.45500263571739197,-0.010053574107587337,0.514106035232544,0.5268020629882812,-0.002135306131094694,0.5201845169067383,0.49493035674095154,-0.007060060277581215,0.5236026644706726,0.47171103954315186,-0.011663085781037807,0.5261401534080505,0.4500054717063904,-0.014560704119503498,0.5172126293182373,0.5304768085479736,-0.006676045712083578,0.5224409699440002,0.5000132322311401,-0.011566479690372944,0.525193989276886,0.479778528213501,-0.014614688232541084,0.5268785357475281,0.4610859751701355,-0.016301538795232773,0.5223460793495178,0.5380241274833679,-0.011375043541193008,0.5262792110443115,0.5188565254211426,-0.015138949267566204,0.5287436842918396,0.506549060344696,-0.016058919951319695,0.5309951305389404,0.495945543050766,-0.01621989533305168,ayubowan
0.504948079586029,0.5995138883590698,9.486811336500978e-08,0.5093182921409607,0.5752755999565125,-0.00035651191137731075,0.5154789090156555,0.5443345308303833,-0.001503825536929071,0.5214471220970154,0.521719753742218,-0.0036434379871934652,0.5245676040649414,0.5028805136680603,-0.005953492596745491,0.5148906707763672,0.5299992561340332,-0.0025156517513096333,0.5224400162696838,0.4959835708141327,-0.010007797740399837,0.5258822441101074,0.47028040885925293,-0.015671584755182266,0.5279275178909302,0.45048457384109497,-0.01933571882545948,0.5155004858970642,0.5321654677391052,-0.007129120174795389,0.5210277438163757,0.4979604482650757,-0.014485739171504974,0.5239505767822266,0.4715854227542877,-0.02035439759492874,0.5264645218849182,0.44795283675193787,-0.023827530443668365,0.518165647983551,0.5382726788520813,-0.011953298933804035,0.5225913524627686,0.5054441690444946,-0.018581366166472435,0.5250709652900696,0.48355990648269653,-0.021671777591109276,0.5272189378738403,0.4635181427001953,-0.023145468905568123,0.5226454734802246,0.5483559966087341,-0.01695883646607399,0.5253366231918335,0.5279004573822021,-0.022343989461660385,0.5271763801574707,0.5131675004959106,-0.023406781256198883,0.5296576023101807,0.499977707862854,-0.023402966558933258,ayubowan
0.4969172775745392,0.658362627029419,8.685265129315667e-08,0.5069953203201294,0.6389380693435669,-0.0010453197173774242,0.5171365737915039,0.607252299785614,-0.0003204386739525944,0.5247880816459656,0.5849065780639648,-0.00027900762506760657,0.5294776558876038,0.5665929913520813,0.0002877475635614246,0.5146639943122864,0.5849406719207764,0.004610378760844469,0.5232346653938293,0.5518802404403687,0.0010965386172756553,0.5275917053222656,0.5283323526382446,-0.0029121683910489082,0.5298705697059631,0.5097488164901733,-0.005812112707644701,0.5148212313652039,0.583604633808136,0.002120962366461754,0.5218957662582397,0.5504816770553589,-0.00082728813868016,0.5263510346412659,0.5270554423332214,-0.005000059027224779,0.5289680361747742,0.5049270391464233,-0.007994002662599087,0.51650071144104,0.5840328335762024,-0.001183901447802782,0.5219658017158508,0.5515729188919067,-0.0033844320569187403,0.5260747075080872,0.5305867791175842,-0.004423804115504026,0.5283864736557007,0.5125156044960022,-0.005023371893912554,0.5201815962791443,0.585614025592804,-0.005107504315674305,0.5239458680152893,0.558836042881012,-0.006126938853412867,0.5265311002731323,0.5410831570625305,-0.005468587391078472,0.5284798741340637,0.5266587734222412,-0.004813379608094692,ayubowan
0.6468819975852966,0.8660920262336731,4.642154394218778e-08,0.6209830641746521,0.8649634718894958,-0.0071548898704349995,0.597291886806488,0.8847797513008118,-0.0145957563072443,0.5837385058403015,0.9109238386154175,-0.020033307373523712,0.581983208656311,0.9339567422866821,-0.02513735741376877,0.6074702143669128,0.8924106955528259,-0.03012106381356716,0.5916363596916199,0.9405915141105652,-0.04075442999601364,0.5853910446166992,0.9488542675971985,-0.04307333752512932,0.5834888219833374,0.9450275301933289,-0.04251428321003914,0.6257296204566956,0.9061801433563232,-0.02904902584850788,0.6067310571670532,0.9558113813400269,-0.039009176194667816,0.600983202457428,0.9554867148399353,-0.03851347416639328,0.6025502681732178,0.9445058703422546,-0.036939509212970734,0.6414384841918945,0.9199175238609314,-0.027025533840060234,0.6230357885360718,0.9647661447525024,-0.0333823636174202,0.6189887523651123,0.9606373906135559,-0.02924230881035328,0.621863603591919,0.9475886821746826,-0.025493858382105827,0.6538057327270508,0.9313386678695679,-0.02499525249004364,0.6384232640266418,0.9682421088218689,-0.02794688381254673,0.6351031064987183,0.9640668630599976,-0.024155084043741226,0.6379889249801636,0.9511361718177795,-0.020785143598914146,ayubowan
0.6504461169242859,0.8748825192451477,2.616804408717144e-07,0.6214411854743958,0.8720823526382446,-0.008228042162954807,0.5927138924598694,0.8909830451011658,-0.013825629837810993,0.5758669972419739,0.915683388710022,-0.01666618324816227,0.5628341436386108,0.937021791934967,-0.019885148853063583,0.6072518229484558,0.9096681475639343,-0.026039818301796913,0.5864208340644836,0.9490674138069153,-0.03279833495616913,0.5726588368415833,0.9683041572570801,-0.03330645337700844,0.5625211000442505,0.9797588586807251,-0.03204299509525299,0.6253553628921509,0.9253899455070496,-0.023482834920287132,0.6019619703292847,0.965009868144989,-0.028572596609592438,0.586929202079773,0.9811992645263672,-0.027357609942555428,0.57713782787323,0.987621545791626,-0.02590036578476429,0.6401740312576294,0.9379763603210449,-0.02020552195608616,0.6186683177947998,0.975214421749115,-0.02311788871884346,0.6040472388267517,0.9888117909431458,-0.021885154768824577,0.5941041111946106,0.9932312369346619,-0.020855428650975227,0.6515675783157349,0.9470434188842773,-0.017112338915467262,0.6360183954238892,0.980785608291626,-0.019578197970986366,0.6236901879310608,0.9916344881057739,-0.018797587603330612,0.614779531955719,0.9948127269744873,-0.0174909308552742,ayubowan
0.6377968192100525,0.9107880592346191,1.6476559494549292e-07,0.6104671359062195,0.9058470726013184,-0.00908375158905983,0.583667516708374,0.923578679561615,-0.013405677862465382,0.5667968988418579,0.9489989280700684,-0.015301169827580452,0.5538395047187805,0.9706361889839172,-0.016932882368564606,0.5944615602493286,0.9505084156990051,-0.01613025739789009,0.576045036315918,0.9854147434234619,-0.02085070125758648,0.5658321976661682,1.002460241317749,-0.021966025233268738,0.5590229034423828,1.0135507583618164,-0.021980920806527138,0.6120631694793701,0.9647849798202515,-0.01279631070792675,0.5938878059387207,0.9981351494789124,-0.016301462426781654,0.5828319191932678,1.0141972303390503,-0.016665993258357048,0.5747800469398499,1.024057149887085,-0.0169700775295496,0.6270086169242859,0.9741930961608887,-0.009581618010997772,0.6115420460700989,1.005064606666565,-0.011782201938331127,0.6010543704032898,1.0200363397598267,-0.011241326108574867,0.5934684872627258,1.0291038751602173,-0.010974870063364506,0.6387149691581726,0.979381263256073,-0.006822742521762848,0.6270228028297424,1.0063250064849854,-0.008514957502484322,0.6192216277122498,1.0202083587646484,-0.007907242514193058,0.613523542881012,1.0288530588150024,-0.007077826652675867,ayubowan
0.6456325054168701,0.8900278210639954,2.647274470746197e-07,0.6162241101264954,0.8939365744590759,-0.008347447030246258,0.5871026515960693,0.9166651964187622,-0.012710618786513805,0.5686770677566528,0.9444217681884766,-0.014979545958340168,0.5543920397758484,0.9681368470191956,-0.017395125702023506,0.5993674397468567,0.9373534321784973,-0.01658685691654682,0.582034170627594,0.9737093448638916,-0.02179340273141861,0.5713218450546265,0.9953789114952087,-0.023574132472276688,0.5632950067520142,1.0107535123825073,-0.02410239167511463,0.6178481578826904,0.950060248374939,-0.0142787154763937,0.600276529788971,0.9861564636230469,-0.018257921561598778,0.58786940574646,1.0067110061645508,-0.019852053374052048,0.5783623456954956,1.019388198852539,-0.021132079884409904,0.6333873271942139,0.9587732553482056,-0.011939491145312786,0.6181700825691223,0.9922465085983276,-0.014661245048046112,0.6063756942749023,1.0119577646255493,-0.01597953774034977,0.5970327854156494,1.0237854719161987,-0.01711353473365307,0.6456131339073181,0.9643107652664185,-0.009941712021827698,0.6335004568099976,0.9939159154891968,-0.012439822778105736,0.6241358518600464,1.0108458995819092,-0.013183172792196274,0.615950882434845,1.0220867395401,-0.01330631598830223,ayubowan
0.6427296996116638,0.9096691012382507,2.1785601234114438e-07,0.6120370030403137,0.9128898978233337,-0.006046910770237446,0.5851954817771912,0.9346411228179932,-0.00872547272592783,0.5684242248535156,0.9590278267860413,-0.010027569718658924,0.5555625557899475,0.9786657094955444,-0.011067045852541924,0.5959218144416809,0.9617092609405518,-0.007718701381236315,0.5797701478004456,0.9939796924591064,-0.011550232768058777,0.5697084665298462,1.0091336965560913,-0.013555217534303665,0.5622513294219971,1.0172734260559082,-0.014326109550893307,0.6128748655319214,0.9744870066642761,-0.00569560844451189,0.5984531044960022,1.0061378479003906,-0.008481580764055252,0.5886781811714172,1.0209695100784302,-0.010691423900425434,0.5809264779090881,1.0294826030731201,-0.012331821955740452,0.627927839756012,0.9826840758323669,-0.0038459771312773228,0.616827666759491,1.012553334236145,-0.005676645785570145,0.607816219329834,1.0281559228897095,-0.006661411840468645,0.6004897952079773,1.0373122692108154,-0.00757600599899888,0.6399757266044617,0.9874505996704102,-0.0023027188144624233,0.6308093070983887,1.0132741928100586,-0.003744694171473384,0.6239364743232727,1.027602195739746,-0.0037335942033678293,0.61780846118927,1.0373847484588623,-0.003297150367870927,ayubowan
0.6420149803161621,0.9113968014717102,1.869789798547572e-07,0.6118515133857727,0.911590576171875,-0.007940034382045269,0.5852484703063965,0.9326517581939697,-0.01110873743891716,0.5687073469161987,0.958366334438324,-0.012400561943650246,0.5564134120941162,0.9801726937294006,-0.01328761875629425,0.5967514514923096,0.9612407684326172,-0.010331804864108562,0.5793720483779907,0.9935310482978821,-0.014922446571290493,0.5685170292854309,1.0086052417755127,-0.017263587564229965,0.5609705448150635,1.0172945261001587,-0.01821245811879635,0.6132677793502808,0.9751093983650208,-0.007368861231952906,0.5983082056045532,1.0065933465957642,-0.010301580652594566,0.5879093408584595,1.0209217071533203,-0.011799164116382599,0.580044686794281,1.0297783613204956,-0.012992831878364086,0.628335177898407,0.9844573140144348,-0.004798765294253826,0.615983784198761,1.0139192342758179,-0.006608130410313606,0.6061981320381165,1.0281931161880493,-0.006647507660090923,0.5982415080070496,1.037410020828247,-0.006963611580431461,0.6402119994163513,0.9906103014945984,-0.0027700241189450026,0.630294680595398,1.0160080194473267,-0.004260521847754717,0.6229552626609802,1.0297340154647827,-0.0037994999438524246,0.6168397068977356,1.039850115776062,-0.003079039976000786,ayubowan
0.639503538608551,0.9171561598777771,1.7515125705358514e-07,0.6093729138374329,0.9193003177642822,-0.009612108580768108,0.582446813583374,0.940656304359436,-0.013329393230378628,0.5659539103507996,0.9659650325775146,-0.015074980445206165,0.5533430576324463,0.9875842928886414,-0.016558052971959114,0.595492422580719,0.9684255719184875,-0.01108880341053009,0.5797467827796936,0.9987431168556213,-0.015676718205213547,0.5719594955444336,1.0179672241210938,-0.018650464713573456,0.5673531889915466,1.0324689149856567,-0.020585494115948677,0.612567126750946,0.9802170395851135,-0.007831966504454613,0.6003071069717407,1.0098836421966553,-0.011035463772714138,0.5932995676994324,1.0278675556182861,-0.013520482927560806,0.5885017514228821,1.0423064231872559,-0.015842678025364876,0.6277568340301514,0.9869751930236816,-0.00512684928253293,0.6181976795196533,1.0150501728057861,-0.007754986640065908,0.6122179627418518,1.0306096076965332,-0.008499407209455967,0.6079466342926025,1.04292631149292,-0.009485678747296333,0.6396143436431885,0.9902222156524658,-0.0031084027141332626,0.6327204704284668,1.0138152837753296,-0.0057235173881053925,0.6289905905723572,1.027796983718872,-0.006113340146839619,0.6262136697769165,1.039548397064209,-0.006113817915320396,ayubowan
0.6418989300727844,0.9233601093292236,1.6644482059291477e-07,0.6113587021827698,0.9222702383995056,-0.00889260321855545,0.5831819772720337,0.9433083534240723,-0.01165686920285225,0.5660257339477539,0.9678811430931091,-0.012490021996200085,0.5536109209060669,0.9885950088500977,-0.012842988595366478,0.5956061482429504,0.9723765850067139,-0.009080120362341404,0.5793259143829346,1.0030226707458496,-0.012897738255560398,0.5707095265388489,1.019454002380371,-0.015270655043423176,0.565325915813446,1.0302631855010986,-0.016619345173239708,0.6119852066040039,0.9849668145179749,-0.005590885411947966,0.5982272624969482,1.0138332843780518,-0.0076940483413636684,0.5902416110038757,1.0286065340042114,-0.009672865271568298,0.584431529045105,1.0391777753829956,-0.011589308269321918,0.6264674067497253,0.9925247430801392,-0.0026382459327578545,0.6150721907615662,1.019119143486023,-0.004167712293565273,0.6082851886749268,1.032368779182434,-0.004636096768081188,0.603488028049469,1.0420112609863281,-0.005483030807226896,0.6378462910652161,0.9966133236885071,-0.00036185418139211833,0.6286497712135315,1.019450068473816,-0.001926202792674303,0.6241052746772766,1.0314120054244995,-0.0018242282094433904,0.6211453080177307,1.0411418676376343,-0.0015313848853111267,ayubowan
0.6393128633499146,0.9230960011482239,1.4505914691653743e-07,0.6109442114830017,0.9227621555328369,-0.007901285775005817,0.5822923183441162,0.9452864527702332,-0.010817091912031174,0.5645046234130859,0.9704437255859375,-0.011981435120105743,0.5510004162788391,0.9908466339111328,-0.01275564543902874,0.5943356156349182,0.9689764380455017,-0.010659516789019108,0.5781235098838806,1.0026135444641113,-0.01554438378661871,0.5693228244781494,1.0183618068695068,-0.017953382804989815,0.5641029477119446,1.0260897874832153,-0.018880965188145638,0.6109910607337952,0.9811930060386658,-0.007934381254017353,0.5974036455154419,1.014399766921997,-0.01098046824336052,0.5891870260238647,1.0305100679397583,-0.013186485506594181,0.5837414860725403,1.0407567024230957,-0.015116002410650253,0.6251096129417419,0.988874614238739,-0.005607485771179199,0.6138516068458557,1.0195077657699585,-0.007846925407648087,0.6073449850082397,1.033833622932434,-0.008543831296265125,0.6030870079994202,1.0435502529144287,-0.00940621830523014,0.6360499262809753,0.9933637380599976,-0.0037568758707493544,0.6275614500045776,1.0194370746612549,-0.005709970369935036,0.6236443519592285,1.0319117307662964,-0.005703546106815338,0.621260404586792,1.041513204574585,-0.005446413531899452,ayubowan
0.6375570297241211,0.9300919771194458,1.8396838186163222e-07,0.6088081002235413,0.9278643727302551,-0.008882762864232063,0.5807417035102844,0.947230875492096,-0.012264256365597248,0.5620288252830505,0.9703779816627502,-0.01394969318062067,0.5496447086334229,0.9925391674041748,-0.015198654495179653,0.5913789868354797,0.9784926176071167,-0.009112314321100712,0.5743598937988281,1.00811767578125,-0.014099771156907082,0.5639302134513855,1.0218876600265503,-0.017401382327079773,0.5566900968551636,1.0295636653900146,-0.01911615952849388,0.6070695519447327,0.9904842972755432,-0.006183642894029617,0.5926867723464966,1.0194883346557617,-0.009321040473878384,0.5836728811264038,1.0348482131958008,-0.012184422463178635,0.5766961574554443,1.0458513498306274,-0.014633199200034142,0.6211483478546143,0.9977948665618896,-0.00386796984821558,0.6088830828666687,1.0242743492126465,-0.0062357112765312195,0.6013065576553345,1.0387301445007324,-0.00684194965288043,0.5957911610603333,1.0494126081466675,-0.00763283995911479,0.6325200796127319,1.0017849206924438,-0.0022274062503129244,0.6227602362632751,1.0248407125473022,-0.0041709840297698975,0.6174595952033997,1.037768840789795,-0.003841397585347295,0.6137865781784058,1.0482620000839233,-0.0032885754480957985,ayubowan
0.6344150304794312,0.9312797784805298,1.490352872224321e-07,0.6055971384048462,0.9305371046066284,-0.008459551259875298,0.5783819556236267,0.9513508081436157,-0.011784565635025501,0.5611432194709778,0.9749143123626709,-0.01332094892859459,0.5488474369049072,0.9950451254844666,-0.014581186696887016,0.5909371376037598,0.9797163009643555,-0.011046413332223892,0.5767650008201599,1.0101804733276367,-0.016233280301094055,0.5685344338417053,1.0265470743179321,-0.01945217326283455,0.563164234161377,1.0369513034820557,-0.02125219814479351,0.6076974272727966,0.990814745426178,-0.008459927514195442,0.5957190990447998,1.0221208333969116,-0.012297113426029682,0.5878855586051941,1.0398097038269043,-0.015092700719833374,0.5820062756538391,1.0528843402862549,-0.01748117431998253,0.6220894455909729,0.9976595044136047,-0.006286576855927706,0.6116005778312683,1.026878833770752,-0.009633876383304596,0.6050348281860352,1.0432054996490479,-0.010387147776782513,0.6002022624015808,1.0555484294891357,-0.0110549945384264,0.6334246397018433,1.0014277696609497,-0.0046476642601192,0.6248120069503784,1.026321530342102,-0.007588758133351803,0.6202324628829956,1.040801763534546,-0.007691516075283289,0.6169418096542358,1.052531123161316,-0.007359324023127556,ayubowan
0.6363350749015808,0.9283515214920044,1.1788245046773227e-07,0.6095952987670898,0.9289669394493103,-0.008426280692219734,0.581337571144104,0.9493904113769531,-0.01171716395765543,0.5630053877830505,0.9720178246498108,-0.013408194296061993,0.5501126646995544,0.9910794496536255,-0.014907097443938255,0.591219961643219,0.9749007821083069,-0.01029041688889265,0.5779199600219727,1.0037113428115845,-0.015050244517624378,0.5711598992347717,1.0201183557510376,-0.0180450938642025,0.5667803883552551,1.03127920627594,-0.02002423256635666,0.6073904633522034,0.9851011037826538,-0.008157134056091309,0.5964084267616272,1.0133322477340698,-0.011712509207427502,0.5901718735694885,1.0290285348892212,-0.014562648721039295,0.5857170820236206,1.041313886642456,-0.017193719744682312,0.6219573616981506,0.9907967448234558,-0.006590193137526512,0.6127469539642334,1.0172089338302612,-0.009738979861140251,0.608070433139801,1.0303094387054443,-0.010450041852891445,0.6049522757530212,1.0404404401779175,-0.011324587278068066,0.6342301368713379,0.9935205578804016,-0.00563937658444047,0.6273869276046753,1.0161819458007812,-0.008429314941167831,0.624682605266571,1.0281671285629272,-0.00856771320104599,0.6228466033935547,1.037988305091858,-0.008493338711559772,ayubowan
0.6372336149215698,0.93055659532547,1.322670044601182e-07,0.6107363104820251,0.929512083530426,-0.00806314405053854,0.582642138004303,0.949812650680542,-0.010497667826712132,0.5650264620780945,0.9726101160049438,-0.011449843645095825,0.5533286333084106,0.9931833744049072,-0.011962746270000935,0.5933470726013184,0.9777727127075195,-0.006842768285423517,0.5803846716880798,1.0072522163391113,-0.011025400832295418,0.5723124146461487,1.0205676555633545,-0.013915306888520718,0.5671764016151428,1.0267503261566162,-0.015467219054698944,0.6085762977600098,0.9876950979232788,-0.004234133753925562,0.5975357890129089,1.0164250135421753,-0.006971215829253197,0.5906127095222473,1.0300201177597046,-0.009953951463103294,0.5860381722450256,1.0384025573730469,-0.01243035588413477,0.6219048500061035,0.9937095046043396,-0.002350080059841275,0.6122388243675232,1.0202358961105347,-0.004677444230765104,0.6075167655944824,1.0313313007354736,-0.005398097913712263,0.6046832203865051,1.038386583328247,-0.0060485778376460075,0.6327763795852661,0.9966215491294861,-0.0010881017660722136,0.6255199909210205,1.0200525522232056,-0.0029416410252451897,0.6228610277175903,1.0306103229522705,-0.0027216824237257242,0.6213831901550293,1.0377609729766846,-0.002248617121949792,ayubowan
0.6384648084640503,0.9278347492218018,1.2274809080281557e-07,0.6123047471046448,0.9283030033111572,-0.008461744524538517,0.5846051573753357,0.9479895234107971,-0.011486378498375416,0.5664048790931702,0.9701411724090576,-0.012844526208937168,0.554901123046875,0.991075873374939,-0.013968829065561295,0.5956243872642517,0.9747113585472107,-0.010414723306894302,0.5833914279937744,1.0047487020492554,-0.015517382882535458,0.5761132836341858,1.0190160274505615,-0.01865709200501442,0.5716304183006287,1.0262260437011719,-0.02026320993900299,0.6115686297416687,0.9846511483192444,-0.007898076437413692,0.6011502146720886,1.0145776271820068,-0.011631148867309093,0.5944805145263672,1.0285484790802002,-0.01444302313029766,0.5902488231658936,1.0367063283920288,-0.016705919057130814,0.6255419254302979,0.9903843402862549,-0.005993648432195187,0.6165270209312439,1.017470359802246,-0.00910075381398201,0.6118921637535095,1.0293984413146973,-0.00985732488334179,0.609205424785614,1.036751627922058,-0.010450161062180996,0.6370793581008911,0.9926069974899292,-0.004680168814957142,0.6305569410324097,1.0158940553665161,-0.007292662747204304,0.6276964545249939,1.02678382396698,-0.007325481623411179,0.6257248520851135,1.0341278314590454,-0.006972502451390028,ayubowan
0.6366077065467834,0.927259624004364,1.45644222016017e-07,0.6104438304901123,0.9285337924957275,-0.008016398176550865,0.5826432704925537,0.9481863379478455,-0.01143445260822773,0.5636033415794373,0.9706881642341614,-0.013394087553024292,0.5513149499893188,0.991409957408905,-0.015234226360917091,0.5924307107925415,0.9728413820266724,-0.010111819952726364,0.5784948468208313,1.0019737482070923,-0.015542177483439445,0.5709276795387268,1.0168602466583252,-0.01895388588309288,0.5664668679237366,1.0252811908721924,-0.020842380821704865,0.6081538200378418,0.9828938841819763,-0.008171996101737022,0.5963348150253296,1.0119342803955078,-0.011867286637425423,0.5898265838623047,1.0267810821533203,-0.014876596629619598,0.5858515501022339,1.037240743637085,-0.01750744692981243,0.6228340864181519,0.9892628192901611,-0.006813813000917435,0.6128358244895935,1.016424536705017,-0.00998943392187357,0.6085030436515808,1.0290026664733887,-0.010548720136284828,0.6064286231994629,1.0376626253128052,-0.011228293180465698,0.6353331208229065,0.9928127527236938,-0.005987909156829119,0.6280871033668518,1.0162668228149414,-0.008500289171934128,0.6256014108657837,1.0268394947052002,-0.008208375424146652,0.6243889331817627,1.034604549407959,-0.007770024240016937,ayubowan
0.6353628635406494,0.9306484460830688,1.544329251146337e-07,0.6086145043373108,0.9299440383911133,-0.008569080382585526,0.5807415843009949,0.9505061507225037,-0.011458479799330235,0.5623476505279541,0.973320722579956,-0.012715070508420467,0.5496408343315125,0.9939118027687073,-0.013585754670202732,0.5914908647537231,0.9777887463569641,-0.008058358915150166,0.5774186849594116,1.0064705610275269,-0.01236471626907587,0.5691174268722534,1.020649790763855,-0.015165460295975208,0.5637797713279724,1.0280674695968628,-0.0166679285466671,0.6070101857185364,0.988070547580719,-0.0051729134283959866,0.5948951840400696,1.0162849426269531,-0.007943527773022652,0.5870340466499329,1.0312199592590332,-0.01072744745761156,0.5811172723770142,1.041056752204895,-0.013193444348871708,0.6206336617469788,0.9935799241065979,-0.003002982586622238,0.609946608543396,1.0199058055877686,-0.005414409562945366,0.6038865447044373,1.0335299968719482,-0.006475935224443674,0.5994294285774231,1.0429304838180542,-0.00755964545533061,0.6315281391143799,0.9957432150840759,-0.0014439270598813891,0.6233378648757935,1.0186951160430908,-0.0035469504073262215,0.6193314790725708,1.0312408208847046,-0.0038080441299825907,0.6164700984954834,1.0408895015716553,-0.0038001579232513905,ayubowan
0.6377478241920471,0.9276596903800964,1.4804335535245627e-07,0.6112077236175537,0.92795729637146,-0.009791952557861805,0.582866370677948,0.9486666321754456,-0.013425669632852077,0.5637252330780029,0.9713266491889954,-0.015261613763868809,0.5515833497047424,0.9935646057128906,-0.016887707635760307,0.5925828218460083,0.976349413394928,-0.009487377479672432,0.5800603628158569,1.0049818754196167,-0.014570615254342556,0.5730910897254944,1.0217925310134888,-0.018526816740632057,0.5684117674827576,1.0331755876541138,-0.02109011821448803,0.6088907122612,0.9861940145492554,-0.006733532529324293,0.5988496541976929,1.0145390033721924,-0.010507258586585522,0.5922009348869324,1.0318645238876343,-0.014197041280567646,0.5869913101196289,1.0449938774108887,-0.0173177532851696,0.6239868998527527,0.9920998811721802,-0.004781760275363922,0.614911675453186,1.0185668468475342,-0.008162583224475384,0.6094229221343994,1.0333245992660522,-0.009018278680741787,0.6052930355072021,1.0447901487350464,-0.009798294864594936,0.6369950175285339,0.9944717884063721,-0.003608619561418891,0.6291744709014893,1.017223834991455,-0.006663435138761997,0.6252910494804382,1.0302948951721191,-0.006629969924688339,0.6223723292350769,1.0408276319503784,-0.006232104264199734,ayubowan
0.6365759372711182,0.9301420450210571,1.3752466543337505e-07,0.6087068915367126,0.9298970103263855,-0.007710261270403862,0.5812000036239624,0.9498510956764221,-0.009892328642308712,0.5629593133926392,0.9721894860267639,-0.010820131748914719,0.550941526889801,0.9924173355102539,-0.011303307488560677,0.5918794274330139,0.9781204462051392,-0.005070897284895182,0.5792442560195923,1.0074068307876587,-0.008881078101694584,0.572503924369812,1.0218751430511475,-0.011995146051049232,0.5685908794403076,1.030246615409851,-0.013785150833427906,0.6076853275299072,0.988805890083313,-0.0025375643745064735,0.5964678525924683,1.0169605016708374,-0.004895706661045551,0.5901888012886047,1.0309652090072632,-0.007988565601408482,0.5863212943077087,1.040594458580017,-0.010547623969614506,0.6216841340065002,0.9951213002204895,-0.0007721968577243388,0.6114915013313293,1.020901083946228,-0.0026875382754951715,0.6067882180213928,1.0322855710983276,-0.0033187968656420708,0.6042689681053162,1.0398080348968506,-0.003939454443752766,0.6330767273902893,0.9984043836593628,0.00033017797977663577,0.6246623992919922,1.020667552947998,-0.0010516790207475424,0.6216558218002319,1.0306651592254639,-0.0004983188700862229,0.6203182339668274,1.0376065969467163,0.00019958626944571733,ayubowan
0.6380277872085571,0.929881751537323,1.580989561489332e-07,0.6103622317314148,0.9272689819335938,-0.009638277813792229,0.5817597508430481,0.9474762678146362,-0.01293130498379469,0.5636311769485474,0.9716120958328247,-0.014103494584560394,0.5511031150817871,0.9925059676170349,-0.014981891959905624,0.593510091304779,0.9758486747741699,-0.010649611242115498,0.5793847441673279,1.0060268640518188,-0.014998739585280418,0.5704600811004639,1.0218206644058228,-0.017977658659219742,0.564009428024292,1.031886339187622,-0.019779261201620102,0.6095486283302307,0.9868067502975464,-0.007154639810323715,0.5974793434143066,1.0157610177993774,-0.010004382580518723,0.5887971520423889,1.0325028896331787,-0.012957175262272358,0.5815427899360657,1.0446970462799072,-0.01559979934245348,0.6231261491775513,0.9933691620826721,-0.0041600861586630344,0.6128434538841248,1.0199086666107178,-0.006411298178136349,0.6053761839866638,1.034511923789978,-0.007372263353317976,0.5992170572280884,1.0453537702560425,-0.008442392572760582,0.6337601542472839,0.9965276122093201,-0.0018826588056981564,0.6255138516426086,1.0197875499725342,-0.004005450289696455,0.6209156513214111,1.0327929258346558,-0.0040473234839737415,0.6171653866767883,1.0428152084350586,-0.0038292179815471172,ayubowan
0.5462472438812256,0.5893701314926147,3.651580371411001e-08,0.5417773127555847,0.5592725872993469,0.0010229622712358832,0.5391036868095398,0.5260376930236816,0.0005752285360358655,0.5379073023796082,0.4999127984046936,-0.0011675398563966155,0.5347017645835876,0.47969546914100647,-0.0028653533663600683,0.5323179960250854,0.5050655603408813,0.0019476998131722212,0.5291289687156677,0.4676066040992737,-0.003997500520199537,0.5265668630599976,0.4431456923484802,-0.009415463544428349,0.5254175066947937,0.4231216311454773,-0.013401821255683899,0.5313902497291565,0.5062232613563538,-0.002998555777594447,0.5256600379943848,0.4678502380847931,-0.008392338640987873,0.5232868790626526,0.442505419254303,-0.013267834670841694,0.5224846005439758,0.4196087718009949,-0.016769861802458763,0.5315141677856445,0.5107740759849548,-0.008459029719233513,0.5246904492378235,0.47420716285705566,-0.013402726501226425,0.522859513759613,0.4505687952041626,-0.015620911493897438,0.5220363736152649,0.4302986264228821,-0.017244664952158928,0.5328648686408997,0.5185891389846802,-0.014167721383273602,0.5282663106918335,0.4953029155731201,-0.017913511022925377,0.5263592600822449,0.4801223874092102,-0.018229974433779716,0.5251365303993225,0.4668418765068054,-0.018415417522192,ayubowan
0.5540521144866943,0.5963322520256042,8.755242930647e-08,0.5443679094314575,0.5689254999160767,0.0014388725394383073,0.5391610860824585,0.5351223349571228,0.0013817873550578952,0.5363087058067322,0.5086296200752258,9.618442709324881e-05,0.532578706741333,0.4878191649913788,-0.0007635646616108716,0.5407717227935791,0.5197938680648804,0.0027418630197644234,0.5337640643119812,0.48181962966918945,-0.0031239776872098446,0.5295611023902893,0.4559524655342102,-0.00794727448374033,0.5266681909561157,0.4341983199119568,-0.011098991148173809,0.5410035252571106,0.5190357565879822,-0.0017831772565841675,0.5331903100013733,0.48090851306915283,-0.006943891756236553,0.5293990969657898,0.4548490047454834,-0.010743319988250732,0.5265222787857056,0.43072131276130676,-0.013398947194218636,0.5391634702682495,0.5195698142051697,-0.006954333744943142,0.5309357047080994,0.48337483406066895,-0.010755754075944424,0.5262774229049683,0.45852410793304443,-0.012231677770614624,0.522641122341156,0.43675100803375244,-0.01332293450832367,0.5353386402130127,0.520849347114563,-0.012488351203501225,0.5289210677146912,0.4930399954319,-0.014945223927497864,0.5251188278198242,0.474094033241272,-0.015486394055187702,0.5216277837753296,0.45758962631225586,-0.01596427708864212,ayubowan
0.5348272919654846,0.5900030732154846,1.4971710982081277e-07,0.5363929271697998,0.5684020519256592,-0.0019081835635006428,0.539838433265686,0.5383512377738953,-0.003822777885943651,0.5421630144119263,0.5136556625366211,-0.006396545562893152,0.5409398674964905,0.4948878884315491,-0.00851345993578434,0.5309862494468689,0.5120628476142883,0.0013423401396721601,0.5326362252235413,0.4782238304615021,-0.004639189224690199,0.5317602753639221,0.45533767342567444,-0.010207152925431728,0.5309613943099976,0.4366289973258972,-0.01390406209975481,0.5272341966629028,0.5104708671569824,-0.0018943194299936295,0.5269454121589661,0.4762330651283264,-0.006847213488072157,0.5259745121002197,0.4526630640029907,-0.011035498231649399,0.5248641967773438,0.4316973090171814,-0.01390072237700224,0.5239640474319458,0.5114155411720276,-0.005993404425680637,0.5220104455947876,0.4789493978023529,-0.00997348316013813,0.5210915803909302,0.45800554752349854,-0.010547208599746227,0.5200281143188477,0.44008755683898926,-0.010815158486366272,0.5215999484062195,0.5142391920089722,-0.010814907029271126,0.5177968740463257,0.4891822338104248,-0.013422442600131035,0.5157759189605713,0.47289955615997314,-0.012793962843716145,0.5145387053489685,0.4588616192340851,-0.012123122811317444,ayubowan
0.5235773921012878,0.603752613067627,1.1897518703563037e-07,0.5283646583557129,0.5767415761947632,0.00034559224150143564,0.5314919948577881,0.5448732972145081,-0.0006600628839805722,0.5336797833442688,0.5214032530784607,-0.0027220561169087887,0.5314680933952332,0.5026221871376038,-0.00509131932631135,0.5237181186676025,0.52496737241745,-0.0004964599502272904,0.5258743166923523,0.4908674657344818,-0.007480289321392775,0.5258978009223938,0.4662932753562927,-0.013276318088173866,0.5263639092445374,0.44665199518203735,-0.017287272959947586,0.5210188627243042,0.5263815522193909,-0.005632361397147179,0.52192223072052,0.490349143743515,-0.012126796878874302,0.5225736498832703,0.46510738134384155,-0.017661647871136665,0.5235108137130737,0.4426586627960205,-0.021388322114944458,0.519575297832489,0.5317909717559814,-0.01123256329447031,0.5190191864967346,0.4971667528152466,-0.01738896779716015,0.5187608599662781,0.47422629594802856,-0.02061743102967739,0.5187771916389465,0.45434582233428955,-0.022710008546710014,0.5200774073600769,0.5406752824783325,-0.017006414011120796,0.5198389291763306,0.5177860260009766,-0.022250764071941376,0.5200003385543823,0.5020158290863037,-0.023726150393486023,0.5205960869789124,0.48799389600753784,-0.024567892774939537,ayubowan
0.5072466135025024,0.6004366874694824,1.1143583833472803e-07,0.5144609212875366,0.5763810873031616,-0.0008448974695056677,0.5201119780540466,0.5452094078063965,-0.0013393140397965908,0.5249066948890686,0.5214760303497314,-0.0023687151260674,0.5260447263717651,0.5035799145698547,-0.0034867131616920233,0.5134561061859131,0.525871753692627,-0.0012666200054809451,0.5173163414001465,0.492931604385376,-0.007338073570281267,0.5184424519538879,0.4693790376186371,-0.01238385308533907,0.5193755030632019,0.4508839249610901,-0.015909025445580482,0.5137725472450256,0.5263470411300659,-0.004978714976459742,0.5177463889122009,0.49148455262184143,-0.010563015006482601,0.5201712250709534,0.46664318442344666,-0.015605472028255463,0.5222490429878235,0.4447004497051239,-0.018957434222102165,0.5156157612800598,0.5311844348907471,-0.009070238098502159,0.5189359784126282,0.4989357888698578,-0.014873146079480648,0.5208101868629456,0.477226197719574,-0.018475504592061043,0.521716296672821,0.4584052264690399,-0.02074556238949299,0.5192309617996216,0.5402916669845581,-0.013349686749279499,0.5220033526420593,0.521436333656311,-0.018679622560739517,0.5227959752082825,0.5079021453857422,-0.020528744906187057,0.5233041644096375,0.4963766932487488,-0.021487539634108543,ayubowan
0.49822548031806946,0.5974869728088379,1.096032207215103e-07,0.5063171982765198,0.5747600793838501,-0.0009893696988001466,0.5148428082466125,0.5449602603912354,-0.002294400939717889,0.522138237953186,0.5231025815010071,-0.004456339869648218,0.524953305721283,0.5048716068267822,-0.006735431961715221,0.5100968480110168,0.525714099407196,-0.0021784212440252304,0.5168923735618591,0.49326714873313904,-0.009462153539061546,0.5198349356651306,0.4692244529724121,-0.0153182502835989,0.5219016075134277,0.45013129711151123,-0.019321979954838753,0.5101112723350525,0.5268042087554932,-0.006761376745998859,0.5145306587219238,0.49273961782455444,-0.01388724334537983,0.5169500708580017,0.4665405750274658,-0.01992158591747284,0.5187603235244751,0.4430995583534241,-0.023772824555635452,0.5121098756790161,0.532376766204834,-0.011753818951547146,0.5158007144927979,0.5001031756401062,-0.018550001084804535,0.5175538063049316,0.4779839515686035,-0.022228935733437538,0.5186020731925964,0.4581201374530792,-0.024281883612275124,0.5164132714271545,0.5421203970909119,-0.017014170065522194,0.5192105174064636,0.522117555141449,-0.022801674902439117,0.5210536122322083,0.50674968957901,-0.024559346958994865,0.5231937766075134,0.4931508004665375,-0.025248490273952484,ayubowan
0.49430474638938904,0.6018701791763306,8.760256520190524e-08,0.5026700496673584,0.5767194628715515,-0.0022622430697083473,0.5132041573524475,0.5451908111572266,-0.0036245279479771852,0.5222656726837158,0.5216100811958313,-0.00571295665577054,0.5262058973312378,0.5009768009185791,-0.007598666474223137,0.5059609413146973,0.5342434048652649,-0.0023238726425915956,0.5124634504318237,0.4982745051383972,-0.010213881731033325,0.5161712169647217,0.4717363715171814,-0.016225019469857216,0.5184513926506042,0.4501665532588959,-0.020192893221974373,0.50629061460495,0.5359593629837036,-0.006274061743170023,0.5109760165214539,0.499943345785141,-0.014369671232998371,0.5144671201705933,0.4715241491794586,-0.021261507645249367,0.5176686644554138,0.4442099332809448,-0.025479791685938835,0.5098867416381836,0.5411606431007385,-0.010693276301026344,0.514448344707489,0.5055866241455078,-0.018518129363656044,0.5177310109138489,0.4810889661312103,-0.022804398089647293,0.5201632380485535,0.4579368829727173,-0.024818647652864456,0.5167599320411682,0.5494030714035034,-0.015481731854379177,0.5196139216423035,0.5253748893737793,-0.02204609476029873,0.5220839381217957,0.5081394910812378,-0.024188801646232605,0.5248541235923767,0.49266335368156433,-0.024846753105521202,ayubowan
0.49493154883384705,0.5977721214294434,8.1123843642672e-08,0.5004695653915405,0.570950448513031,-0.0011398261412978172,0.508247971534729,0.5387203693389893,-0.0025476785376667976,0.5148894786834717,0.5139434337615967,-0.004760045558214188,0.5188679695129395,0.4940319061279297,-0.006872381549328566,0.5050832033157349,0.5316643118858337,-0.0037711665499955416,0.5113324522972107,0.49585604667663574,-0.011595065705478191,0.5145469903945923,0.4700252115726471,-0.01698160357773304,0.5162383317947388,0.44958847761154175,-0.02035108581185341,0.5058901309967041,0.5342802405357361,-0.007953791879117489,0.5108376741409302,0.4996124505996704,-0.01617889292538166,0.5136392712593079,0.4726422429084778,-0.022241484373807907,0.5156022310256958,0.44727107882499695,-0.02575165405869484,0.5094900727272034,0.5392814874649048,-0.012353961355984211,0.5130321383476257,0.5037997364997864,-0.019893815740942955,0.5156965851783752,0.4787124991416931,-0.02344585210084915,0.5173578262329102,0.455488383769989,-0.024927856400609016,0.5159220695495605,0.5465587973594666,-0.016918325796723366,0.5181673169136047,0.5201968550682068,-0.022644484415650368,0.5197820067405701,0.5014254450798035,-0.024034999310970306,0.5214263796806335,0.4851054251194,-0.024232404306530952,ayubowan
0.49480172991752625,0.5971342325210571,8.371462456580048e-08,0.499802827835083,0.5702687501907349,-0.001153085962869227,0.5076618790626526,0.5382770895957947,-0.002657336415722966,0.5145081877708435,0.51368647813797,-0.004917547106742859,0.5188471078872681,0.4939582645893097,-0.007198663894087076,0.5048174858093262,0.5324372053146362,-0.004359174985438585,0.5112413763999939,0.4967442750930786,-0.012202397920191288,0.514613687992096,0.4706464409828186,-0.017605282366275787,0.5165120363235474,0.45013996958732605,-0.02104880101978779,0.5056688785552979,0.5351690649986267,-0.008567891083657742,0.5104032158851624,0.5003328323364258,-0.016764435917139053,0.5130091905593872,0.47277477383613586,-0.022935567423701286,0.5148589611053467,0.4471374452114105,-0.02659943886101246,0.5094358325004578,0.5405763387680054,-0.012934246100485325,0.5129131078720093,0.5054962038993835,-0.020314201712608337,0.5155438184738159,0.48032957315444946,-0.023940907791256905,0.5171914100646973,0.4572005569934845,-0.025626350194215775,0.5159378051757812,0.5485257506370544,-0.017466435208916664,0.5179119110107422,0.5235447287559509,-0.023284707218408585,0.5194865465164185,0.5054062008857727,-0.024826522916555405,0.521179735660553,0.48953473567962646,-0.025204602628946304,ayubowan
0.5143253803253174,0.5858633518218994,3.8550322045693974e-08,0.5230878591537476,0.5637191534042358,-0.0036152414977550507,0.5294830203056335,0.5297163128852844,-0.004718223121017218,0.5346695184707642,0.5023781061172485,-0.006365897133946419,0.5339972376823425,0.48021185398101807,-0.007454557344317436,0.5192270278930664,0.4992187023162842,0.0014986094320192933,0.5228748321533203,0.4628748893737793,-0.004993796814233065,0.5242626070976257,0.4386714696884155,-0.010966381058096886,0.5251891016960144,0.4193992018699646,-0.015266056172549725,0.5177776217460632,0.4977062940597534,-0.0010573696345090866,0.5209366679191589,0.4611106812953949,-0.007446273695677519,0.5233615040779114,0.4374752640724182,-0.01292417012155056,0.5254772305488586,0.415537029504776,-0.016495224088430405,0.5181326866149902,0.4993721842765808,-0.004711040295660496,0.5199179649353027,0.4644269645214081,-0.010511616244912148,0.5209255814552307,0.4426122307777405,-0.012276076711714268,0.521704912185669,0.4232584536075592,-0.01295487117022276,0.5207436680793762,0.5038059949874878,-0.009218632243573666,0.5206001996994019,0.4770546555519104,-0.013578482903540134,0.5202465057373047,0.459260493516922,-0.014058451168239117,0.5205636024475098,0.4439679980278015,-0.013877187855541706,ayubowan
0.49829554557800293,0.5864177942276001,8.716239108252921e-08,0.5033111572265625,0.5603306293487549,0.00024290921282954514,0.5106343626976013,0.5293146371841431,-0.0003589591651689261,0.5177217721939087,0.5061307549476624,-0.0022259450051933527,0.5224382877349854,0.48689839243888855,-0.003912138286978006,0.5064122676849365,0.5189071893692017,0.00027145782951265574,0.5119472742080688,0.4856218993663788,-0.006651232950389385,0.5152527689933777,0.46059906482696533,-0.011861979030072689,0.5168600082397461,0.4396042227745056,-0.015194077044725418,0.5076191425323486,0.5201512575149536,-0.004449973814189434,0.5125002861022949,0.4868261516094208,-0.011390462517738342,0.5156773328781128,0.4611380100250244,-0.016959333792328835,0.5178594589233398,0.43701496720314026,-0.020159047096967697,0.5114109516143799,0.5236324667930603,-0.009437908418476582,0.5151684880256653,0.4892547130584717,-0.015555341728031635,0.5176304578781128,0.46479910612106323,-0.018265772610902786,0.5188419222831726,0.4421764016151428,-0.019205989316105843,0.518248975276947,0.5299389958381653,-0.01464132685214281,0.5196725726127625,0.5026633739471436,-0.01897682249546051,0.5208254456520081,0.48259615898132324,-0.019512787461280823,0.5221683382987976,0.4647853970527649,-0.01909060776233673,ayubowan
0.49302712082862854,0.5780543088912964,1.1217839812616148e-07,0.49829456210136414,0.5511651039123535,-0.000674256996717304,0.5064738392829895,0.5198238492012024,-0.0023048182483762503,0.5134128928184509,0.49584639072418213,-0.004840827081352472,0.5182401537895203,0.4762312173843384,-0.007411996368318796,0.5037597417831421,0.5161495804786682,-0.005001780577003956,0.5103506445884705,0.478762686252594,-0.01322457380592823,0.514153778553009,0.45141327381134033,-0.01850384846329689,0.5165749192237854,0.4294869005680084,-0.02162362076342106,0.5053190588951111,0.5172913074493408,-0.009512207470834255,0.5109856724739075,0.47926145792007446,-0.017720362171530724,0.5145531892776489,0.4507278800010681,-0.02327847108244896,0.5171505808830261,0.4261058568954468,-0.026338748633861542,0.5100492238998413,0.5215125679969788,-0.014070317149162292,0.5144413113594055,0.48313507437705994,-0.02147391065955162,0.5172520875930786,0.4559045433998108,-0.024893444031476974,0.518657386302948,0.43316006660461426,-0.026208577677607536,0.5181156992912292,0.5286867022514343,-0.018700482323765755,0.5203201770782471,0.4996802806854248,-0.024397799745202065,0.5217909216880798,0.4780193269252777,-0.02583075314760208,0.5228866934776306,0.45989125967025757,-0.02600540779531002,ayubowan
0.4961586594581604,0.5736523866653442,8.403523565903015e-08,0.5009206533432007,0.5470576286315918,-0.0010757447453215718,0.5084408521652222,0.5160021185874939,-0.00245352229103446,0.5144234299659729,0.49234598875045776,-0.004515754524618387,0.5192758440971375,0.4733942151069641,-0.00639698700979352,0.5053672194480896,0.5123686790466309,-0.004663657397031784,0.5117917060852051,0.47556596994400024,-0.012531033717095852,0.5153140425682068,0.448531836271286,-0.01746734417974949,0.5173269510269165,0.42739903926849365,-0.02032691054046154,0.5069056749343872,0.5132305026054382,-0.008448047563433647,0.5121526122093201,0.47643253207206726,-0.01638285629451275,0.5156282782554626,0.4488542973995209,-0.021545782685279846,0.5181390643119812,0.4249696135520935,-0.02425288036465645,0.5113754868507385,0.5170121192932129,-0.012329009361565113,0.5152469873428345,0.4797207713127136,-0.019373996183276176,0.5179685950279236,0.4536729156970978,-0.022324487566947937,0.5194556713104248,0.43142077326774597,-0.02325587160885334,0.5187119841575623,0.5235890746116638,-0.016318755224347115,0.520423412322998,0.49536773562431335,-0.021528173238039017,0.5217664241790771,0.4746863543987274,-0.022611957043409348,0.5227701663970947,0.45743876695632935,-0.022504128515720367,ayubowan
0.49715086817741394,0.5724837779998779,7.319070505218406e-08,0.5000873804092407,0.547224760055542,-0.0008273704443126917,0.507838249206543,0.516316294670105,-0.0018499762518331409,0.5154588222503662,0.4930582046508789,-0.0036895466037094593,0.519864022731781,0.4738540053367615,-0.005016299430280924,0.5048174858093262,0.5113230347633362,-0.002484504831954837,0.5105364918708801,0.47430431842803955,-0.009521634317934513,0.5134157538414001,0.4471893906593323,-0.013930915854871273,0.5148719549179077,0.4266386926174164,-0.01652918942272663,0.5066257119178772,0.5121984481811523,-0.006350338459014893,0.5106960535049438,0.475139319896698,-0.013967558741569519,0.5138500332832336,0.44724342226982117,-0.01920091174542904,0.5161205530166626,0.42313504219055176,-0.021941836923360825,0.5121714472770691,0.5152711272239685,-0.010452250950038433,0.5153458118438721,0.47741761803627014,-0.0173801239579916,0.5177454948425293,0.4510872960090637,-0.020750870928168297,0.5189304351806641,0.42810821533203125,-0.02195943519473076,0.5215089321136475,0.5205369591712952,-0.014711610041558743,0.5241721272468567,0.492329478263855,-0.01989908702671528,0.5257945656776428,0.4718283414840698,-0.021529585123062134,0.5269156098365784,0.45409879088401794,-0.02184988744556904,ayubowan
0.4931398332118988,0.571697473526001,7.845583382959376e-08,0.4979335069656372,0.5448238849639893,4.088657078682445e-05,0.5072104930877686,0.5129593014717102,-0.0007707073236815631,0.5154839158058167,0.4887164533138275,-0.002689204178750515,0.5204095244407654,0.4680728018283844,-0.0044115642085671425,0.5030620694160461,0.5075228810310364,-0.0007107820711098611,0.5073554515838623,0.47245603799819946,-0.008045058697462082,0.5094916820526123,0.445325642824173,-0.013294690288603306,0.5106033682823181,0.42386960983276367,-0.01653500273823738,0.5056625604629517,0.5083757638931274,-0.005329492501914501,0.5092110633850098,0.47365066409111023,-0.012228024192154408,0.5117846131324768,0.44627588987350464,-0.017658866941928864,0.5136333703994751,0.42233601212501526,-0.02088257484138012,0.5110835433006287,0.5123997330665588,-0.010240413248538971,0.5145314931869507,0.4776487946510315,-0.01666739024221897,0.51701420545578,0.4527451992034912,-0.019433172419667244,0.518281102180481,0.4314216375350952,-0.02044069394469261,0.5194592475891113,0.5198720097541809,-0.01532661635428667,0.5222622752189636,0.49278968572616577,-0.020032338798046112,0.5241300463676453,0.4726988673210144,-0.020775485783815384,0.5256767272949219,0.45567387342453003,-0.020600564777851105,ayubowan
0.5025451183319092,0.568097710609436,6.901795046587722e-08,0.5064937472343445,0.5421990752220154,-0.000490491627715528,0.5116568803787231,0.5096145272254944,-0.000934289419092238,0.5159140229225159,0.4843805432319641,-0.0023950536269694567,0.5183966159820557,0.46383291482925415,-0.003630658844485879,0.5090271830558777,0.5031158328056335,-0.001356122549623251,0.5134378671646118,0.46851658821105957,-0.00857679732143879,0.5157116651535034,0.4417734146118164,-0.013670733198523521,0.5168096423149109,0.42051249742507935,-0.016881901770830154,0.5101739168167114,0.503734290599823,-0.005454746074974537,0.512759268283844,0.4692964553833008,-0.012939813546836376,0.5151605606079102,0.442441463470459,-0.01850889064371586,0.5171958804130554,0.4185130298137665,-0.021598946303129196,0.5140756368637085,0.5068674087524414,-0.00980983767658472,0.5157202482223511,0.4714917242527008,-0.016784679144620895,0.517322301864624,0.44610100984573364,-0.019963428378105164,0.5183419585227966,0.4235098958015442,-0.021079324185848236,0.5210685729980469,0.5131508111953735,-0.014338599517941475,0.5222996473312378,0.4861144423484802,-0.019882583990693092,0.5230453014373779,0.4652656614780426,-0.02143048122525215,0.5239612460136414,0.446873277425766,-0.021608605980873108,ayubowan
0.49744611978530884,0.5727298259735107,8.068381873727049e-08,0.49854379892349243,0.5454825162887573,0.0007898682379163802,0.5048401355743408,0.5145183205604553,0.000810823985375464,0.5116478204727173,0.49095913767814636,-0.000492606486659497,0.5153300166130066,0.47183671593666077,-0.0016271574422717094,0.5024937391281128,0.507850706577301,0.0020487376023083925,0.5087829232215881,0.4728906750679016,-0.004045834299176931,0.5122442245483398,0.44703733921051025,-0.008569439873099327,0.5143625140190125,0.4268649220466614,-0.011453843675553799,0.5047994256019592,0.5093938708305359,-0.0026073157787323,0.5099043846130371,0.4744879901409149,-0.008679012767970562,0.513111412525177,0.44849440455436707,-0.013804754242300987,0.5156433582305908,0.42479172348976135,-0.016871469095349312,0.510230541229248,0.5126867294311523,-0.007649117615073919,0.5139238238334656,0.4779389500617981,-0.013037878088653088,0.5163989663124084,0.4537027180194855,-0.015268082730472088,0.5179231762886047,0.4320984184741974,-0.0160693172365427,0.5187504887580872,0.5180593729019165,-0.0129598593339324,0.5201863646507263,0.49035683274269104,-0.0168639924377203,0.5212810635566711,0.4708307981491089,-0.017294207587838173,0.5226680636405945,0.45370200276374817,-0.01701289787888527,ayubowan
0.49955514073371887,0.5672544240951538,1.0052713150798809e-07,0.502678632736206,0.5436390042304993,-0.0015757606597617269,0.5082155466079712,0.5130104422569275,-0.0023366855457425117,0.5132575631141663,0.4890285134315491,-0.0037653057370334864,0.5162985324859619,0.4703894853591919,-0.004889682866632938,0.5051894187927246,0.5038874745368958,-0.0015610341215506196,0.5109001994132996,0.4696369171142578,-0.008282479830086231,0.5140917897224426,0.4446207284927368,-0.013251776807010174,0.515678346157074,0.42428386211395264,-0.016310829669237137,0.5052536725997925,0.5044560432434082,-0.0044669159688055515,0.5097234845161438,0.47142907977104187,-0.010816715657711029,0.5126546025276184,0.4468335807323456,-0.015711655840277672,0.5150079727172852,0.4245574176311493,-0.018467087298631668,0.5086362361907959,0.5067278146743774,-0.00768391415476799,0.5120550394058228,0.47455358505249023,-0.013066038489341736,0.5146519541740417,0.4526398777961731,-0.014792569912970066,0.5165451169013977,0.4330002963542938,-0.01513723935931921,0.5148875713348389,0.5109369158744812,-0.011329930275678635,0.5163291096687317,0.48636484146118164,-0.01498225424438715,0.5180616974830627,0.4694288969039917,-0.014948139898478985,0.5204102396965027,0.45495855808258057,-0.01416131854057312,ayubowan
0.4959803819656372,0.5683831572532654,1.1912592157159452e-07,0.5017998218536377,0.5452926158905029,-0.0028048697859048843,0.5109273195266724,0.5134198665618896,-0.004524047952145338,0.5190073251724243,0.4888104796409607,-0.006479468196630478,0.5223413705825806,0.46841129660606384,-0.008289194665849209,0.5064429640769958,0.5057332515716553,-0.004553758539259434,0.5128176212310791,0.4699404239654541,-0.011922936886548996,0.5167178511619568,0.4434654116630554,-0.017070112749934196,0.5194056034088135,0.4228871464729309,-0.02018851786851883,0.5067745447158813,0.5067854523658752,-0.007306509185582399,0.5113654732704163,0.4710448086261749,-0.014240366406738758,0.5147918462753296,0.4443960189819336,-0.019434725865721703,0.5180416107177734,0.42061007022857666,-0.022455142810940742,0.5102987885475159,0.5100487470626831,-0.010330397635698318,0.5142349004745483,0.47529542446136475,-0.016544904559850693,0.5171868205070496,0.45057371258735657,-0.018661949783563614,0.5194555521011353,0.42894619703292847,-0.01923206076025963,0.5167239308357239,0.5156976580619812,-0.013741075992584229,0.518373966217041,0.48857423663139343,-0.018457869067788124,0.5199173092842102,0.4690323770046234,-0.018875354900956154,0.5219262838363647,0.45228490233421326,-0.01839539036154747,ayubowan
0.49886590242385864,0.5767271518707275,1.0775743675139893e-07,0.506743311882019,0.5541122555732727,-0.0037185619585216045,0.5155048966407776,0.5214482545852661,-0.005151056218892336,0.5206243395805359,0.49551573395729065,-0.006722528487443924,0.5224136114120483,0.473540723323822,-0.007905119098722935,0.5087906718254089,0.5112401247024536,-0.004712996538728476,0.5156895518302917,0.474200576543808,-0.012422995641827583,0.519881546497345,0.4465087056159973,-0.017606180161237717,0.5225278735160828,0.42579033970832825,-0.020573625341057777,0.5070400834083557,0.5117946863174438,-0.006731278263032436,0.5102586150169373,0.4747079014778137,-0.014347345568239689,0.5130415558815002,0.44620075821876526,-0.019661596044898033,0.5152307152748108,0.4216504991054535,-0.022490058094263077,0.5088573098182678,0.5150740742683411,-0.00917463842779398,0.5119056105613708,0.4801136553287506,-0.015836574137210846,0.5146429538726807,0.45582735538482666,-0.018040591850876808,0.5165312886238098,0.43491628766059875,-0.018372230231761932,0.51359623670578,0.5210604071617126,-0.01210242323577404,0.5156735181808472,0.4941869378089905,-0.017053551971912384,0.5177699327468872,0.4751456677913666,-0.01767846755683422,0.5197128057479858,0.45945417881011963,-0.01709211990237236,ayubowan
0.4984044134616852,0.5805860757827759,9.955439850273251e-08,0.5130692720413208,0.5635126233100891,-0.006627006456255913,0.5235888957977295,0.5306641459465027,-0.008341229520738125,0.5286576747894287,0.5038493871688843,-0.009476693347096443,0.5294248461723328,0.4816301763057709,-0.010164867155253887,0.5148802995681763,0.5138105154037476,-0.005456862971186638,0.5192649364471436,0.4785097539424896,-0.012485506013035774,0.5212786793708801,0.4526553452014923,-0.017670076340436935,0.5219072103500366,0.43216806650161743,-0.021013496443629265,0.5107105374336243,0.5133700370788574,-0.005792802199721336,0.5148047804832458,0.47843849658966064,-0.013033312745392323,0.5176283717155457,0.45277640223503113,-0.01876022107899189,0.5198068618774414,0.4292391538619995,-0.022112077102065086,0.5090959668159485,0.5145710706710815,-0.006827650126069784,0.5128861665725708,0.4810423254966736,-0.013586202636361122,0.5157431960105896,0.4571533501148224,-0.01647464744746685,0.5177874565124512,0.43536803126335144,-0.017428303137421608,0.5099086165428162,0.517315149307251,-0.008561243303120136,0.5127265453338623,0.4906053841114044,-0.01388528198003769,0.515030562877655,0.4716316759586334,-0.015222592279314995,0.5174263119697571,0.4555426836013794,-0.01528955902904272,ayubowan
