0.9027581810951233,0.8618846535682678,1.5746834947094612e-07,0.8743023872375488,0.8662156462669373,-0.02730889804661274,0.8559803366661072,0.882386326789856,-0.04861980304121971,0.8533000946044922,0.9121034741401672,-0.06493967771530151,0.859749972820282,0.9395574331283569,-0.0801389217376709,0.8937491774559021,0.8645312786102295,-0.062286343425512314,0.8925286531448364,0.9104541540145874,-0.08513592928647995,0.8803577423095703,0.9392954707145691,-0.09551341831684113,0.869569718837738,0.9585583209991455,-0.10091407597064972,0.9192930459976196,0.8792108297348022,-0.05639280006289482,0.9125584959983826,0.926892876625061,-0.07662829011678696,0.8949428200721741,0.9606180787086487,-0.08097361773252487,0.8807185888290405,0.9799954295158386,-0.08416765183210373,0.9357472658157349,0.8966055512428284,-0.05072864517569542,0.9313226938247681,0.940287172794342,-0.0682326927781105,0.9146155714988708,0.9710736274719238,-0.07109847664833069,0.900386393070221,0.9887081384658813,-0.07250158488750458,0.9452546238899231,0.9151059985160828,-0.04673872888088226,0.9492060542106628,0.9487375020980835,-0.060871437191963196,0.9373815059661865,0.9727672934532166,-0.06448926031589508,0.9239596128463745,0.9885807037353516,-0.06613640487194061,afternoon
0.8976471424102783,0.8559946417808533,2.183895162488625e-07,0.869542121887207,0.8629075288772583,-0.0285795871168375,0.8543287515640259,0.8810175657272339,-0.049391962587833405,0.853826642036438,0.9130702614784241,-0.06448172777891159,0.8605024218559265,0.9433718323707581,-0.07806260138750076,0.8929973840713501,0.8642681241035461,-0.0601956807076931,0.8939170837402344,0.9133091568946838,-0.08092223852872849,0.8824726343154907,0.9431793093681335,-0.08976857364177704,0.8714664578437805,0.9610561728477478,-0.09428055584430695,0.9182550311088562,0.8785005807876587,-0.0527435801923275,0.913180947303772,0.9266291856765747,-0.07139568030834198,0.8967404365539551,0.9605778455734253,-0.07591252028942108,0.8833681344985962,0.9792618751525879,-0.07932055741548538,0.9336937665939331,0.8948779702186584,-0.04556131362915039,0.9319592118263245,0.9369229674339294,-0.061412010341882706,0.9172228574752808,0.9685503244400024,-0.06473781168460846,0.9033682942390442,0.9870761632919312,-0.06682596355676651,0.9425333738327026,0.9127928614616394,-0.04010911285877228,0.9473481774330139,0.9453498721122742,-0.053721241652965546,0.9364680051803589,0.9687002301216125,-0.057826969772577286,0.9231100082397461,0.9837247729301453,-0.059873066842556,afternoon
0.8836123943328857,0.8240579962730408,1.9031450904094527e-07,0.8623260259628296,0.8357746005058289,-0.025269338861107826,0.8496811389923096,0.859277069568634,-0.04393603280186653,0.8506699800491333,0.890957236289978,-0.05736197531223297,0.859959602355957,0.9140403866767883,-0.06919372081756592,0.8888500332832336,0.8467223644256592,-0.05594053864479065,0.8899045586585999,0.899091362953186,-0.07558468729257584,0.8775511980056763,0.9269501566886902,-0.08313200622797012,0.8657305240631104,0.9423280954360962,-0.08637087792158127,0.9102299809455872,0.8580424785614014,-0.04928068816661835,0.9084041118621826,0.9111205339431763,-0.06719968467950821,0.8918156027793884,0.9403204321861267,-0.06996559351682663,0.8777145743370056,0.9535934925079346,-0.0713110938668251,0.923345148563385,0.8729560971260071,-0.04278092458844185,0.9216228127479553,0.9211345314979553,-0.05739017575979233,0.9066330790519714,0.9453272819519043,-0.05840553715825081,0.8936668038368225,0.9567821621894836,-0.0583072304725647,0.9296307563781738,0.8885853290557861,-0.037816014140844345,0.9299995303153992,0.9269416332244873,-0.04933972284197807,0.9180946946144104,0.9467810988426208,-0.05156983807682991,0.9059855937957764,0.9571794271469116,-0.05190369859337807,afternoon
0.8810672163963318,0.8263595700263977,1.2843335639445286e-07,0.8604816794395447,0.8222934603691101,-0.028367329388856888,0.8475351929664612,0.8307573199272156,-0.04858340695500374,0.8449193835258484,0.8502746224403381,-0.06335009634494781,0.8490337133407593,0.8670394420623779,-0.07693180441856384,0.8809437155723572,0.8182164430618286,-0.054724909365177155,0.8786147832870483,0.8435301780700684,-0.07555880397558212,0.8685420751571655,0.8625062108039856,-0.08560548722743988,0.8576224446296692,0.8757184147834778,-0.0909494087100029,0.8992224931716919,0.8387212753295898,-0.04694400727748871,0.8961872458457947,0.8729551434516907,-0.06619817763566971,0.8785274028778076,0.8870566487312317,-0.07082313299179077,0.8634531497955322,0.8934769034385681,-0.07331487536430359,0.9100358486175537,0.8611637353897095,-0.03993793576955795,0.9071035385131836,0.8904846906661987,-0.05674724280834198,0.8905538320541382,0.9018186330795288,-0.05927090346813202,0.875329852104187,0.905392587184906,-0.06003931164741516,0.9146087169647217,0.8815269470214844,-0.03457851707935333,0.909080982208252,0.9005643725395203,-0.047698259353637695,0.8950303196907043,0.9104272723197937,-0.05153626948595047,0.8815041184425354,0.915594220161438,-0.053209058940410614,afternoon
0.8622635006904602,0.7956932783126831,1.3557408351516642e-07,0.8489733338356018,0.7946599125862122,-0.02512131817638874,0.8434853553771973,0.8041212558746338,-0.041839104145765305,0.847547173500061,0.8208238482475281,-0.053629402071237564,0.8529553413391113,0.8337482810020447,-0.06436358392238617,0.883326530456543,0.7933430075645447,-0.04508723318576813,0.881315290927887,0.823154866695404,-0.06168795004487038,0.8713709115982056,0.8438197374343872,-0.0703716054558754,0.8601784706115723,0.858277440071106,-0.07550133019685745,0.8974113464355469,0.8119006752967834,-0.038370031863451004,0.8944585919380188,0.8432692885398865,-0.05428141728043556,0.8805946707725525,0.8635928630828857,-0.06024083495140076,0.8668831586837769,0.8754901885986328,-0.06394080072641373,0.9035634398460388,0.8306624293327332,-0.03228212147951126,0.9023816585540771,0.8577949404716492,-0.04634050652384758,0.8902232646942139,0.8734749555587769,-0.04963962733745575,0.8782668709754944,0.8824840188026428,-0.05117679387331009,0.9051187634468079,0.8469959497451782,-0.027727436274290085,0.9030216336250305,0.8664454817771912,-0.03915217146277428,0.8933292627334595,0.8776054978370667,-0.042338911443948746,0.8838427066802979,0.8850428462028503,-0.04351349547505379,afternoon
0.8448151350021362,0.7862547636032104,1.106884823798282e-07,0.8347402811050415,0.7936956286430359,-0.022467847913503647,0.8381130695343018,0.8074451088905334,-0.03573564440011978,0.8491495251655579,0.825695276260376,-0.0441863015294075,0.8578117489814758,0.843402624130249,-0.05145486444234848,0.8759676814079285,0.7868329286575317,-0.03788285329937935,0.8794696927070618,0.8222503662109375,-0.051969341933727264,0.8703268766403198,0.8454248309135437,-0.059413060545921326,0.8607693910598755,0.859677791595459,-0.06367705762386322,0.8887531161308289,0.7975654602050781,-0.03096732310950756,0.8919814825057983,0.8355388045310974,-0.04506650194525719,0.879793643951416,0.8591964840888977,-0.05016855150461197,0.8671947717666626,0.8723491430282593,-0.05257045105099678,0.8941062688827515,0.8108620643615723,-0.02462557703256607,0.8962008357048035,0.8449974060058594,-0.03765973076224327,0.8846907615661621,0.8633884191513062,-0.04031883552670479,0.8730457425117493,0.873471736907959,-0.040694985538721085,0.8948662877082825,0.8237820863723755,-0.01958376169204712,0.8956795930862427,0.8489803075790405,-0.03134426102042198,0.8865136504173279,0.8631970882415771,-0.034731749445199966,0.8770734071731567,0.8726820349693298,-0.035342589020729065,afternoon
0.8459545373916626,0.7965816259384155,1.776877951442657e-07,0.8400065898895264,0.8078374862670898,-0.02445257641375065,0.845575213432312,0.8191579580307007,-0.039012838155031204,0.8555780053138733,0.8335955142974854,-0.048757154494524,0.863929808139801,0.8475660085678101,-0.05730469897389412,0.8822827935218811,0.7977682948112488,-0.03817574679851532,0.8875561952590942,0.8329578042030334,-0.05411992967128754,0.8789269328117371,0.8556215167045593,-0.0633883848786354,0.8696812987327576,0.8704419732093811,-0.06855124980211258,0.8938418626785278,0.8066906332969666,-0.03072093427181244,0.8982535004615784,0.8469727039337158,-0.04740259423851967,0.8854941129684448,0.8725495934486389,-0.054244264960289,0.8724021315574646,0.8878065347671509,-0.057017359882593155,0.8980462551116943,0.8187687993049622,-0.024064332246780396,0.9018224477767944,0.8568751215934753,-0.03895498439669609,0.8898764848709106,0.8772825002670288,-0.04252852126955986,0.8782864212989807,0.8888559341430664,-0.0427977554500103,0.8975779414176941,0.8295217156410217,-0.01883820630609989,0.8979774713516235,0.8596088290214539,-0.031123345717787743,0.8891541957855225,0.8762705326080322,-0.034574367105960846,0.8803597092628479,0.8873893022537231,-0.034816525876522064,afternoon
0.8494433164596558,0.8040287494659424,1.1010673972577933e-07,0.8460713624954224,0.8209377527236938,-0.018810445442795753,0.8534306883811951,0.8362229466438293,-0.02974969521164894,0.8637383580207825,0.8523043394088745,-0.03726368397474289,0.8715959787368774,0.8662459254264832,-0.0437442809343338,0.8954793214797974,0.8170382976531982,-0.025779271498322487,0.8943661451339722,0.8505908846855164,-0.04012960568070412,0.8841270208358765,0.8732254505157471,-0.0499219074845314,0.8735227584838867,0.8882956504821777,-0.05526818335056305,0.9047237038612366,0.8248963356018066,-0.02087603509426117,0.901964545249939,0.8664483428001404,-0.03494836017489433,0.8873460292816162,0.8887540698051453,-0.04130569100379944,0.8733999133110046,0.9015765190124512,-0.04358353093266487,0.9062013626098633,0.8353838324546814,-0.01703009381890297,0.9037532806396484,0.8749546408653259,-0.030235033482313156,0.8907020688056946,0.8928279876708984,-0.03324705362319946,0.8784986734390259,0.9023351669311523,-0.03263167291879654,0.9024300575256348,0.8453758955001831,-0.01439778320491314,0.9002993106842041,0.8765609264373779,-0.024416832253336906,0.8913676142692566,0.8917068839073181,-0.026182137429714203,0.8827707171440125,0.9014189839363098,-0.02495405450463295,afternoon
0.8497557044029236,0.8048771619796753,1.733674253046047e-07,0.845470130443573,0.8231890201568604,-0.020097937434911728,0.8517248630523682,0.8421857357025146,-0.03189022094011307,0.8626124262809753,0.8593572974205017,-0.039685964584350586,0.8724278211593628,0.8730190992355347,-0.04632682725787163,0.8912922739982605,0.821474015712738,-0.031297631561756134,0.8949618935585022,0.861146867275238,-0.04461491107940674,0.8848148584365845,0.8846009373664856,-0.05304615944623947,0.8747498989105225,0.8990916013717651,-0.05774668604135513,0.899549126625061,0.8252358436584473,-0.025174671784043312,0.9002705216407776,0.8682419657707214,-0.03950198367238045,0.8884410858154297,0.8948959112167358,-0.046047355979681015,0.8756619691848755,0.9100459814071655,-0.048823293298482895,0.901211142539978,0.8337282538414001,-0.019640116021037102,0.9016638398170471,0.8743361830711365,-0.031998880207538605,0.8911660313606262,0.8961964249610901,-0.03526287153363228,0.880242109298706,0.9085490703582764,-0.03565889596939087,0.8992276787757874,0.8424401879310608,-0.015370084904134274,0.8973162770271301,0.8748072385787964,-0.025943955406546593,0.8892000913619995,0.8929532170295715,-0.029079828411340714,0.8807886838912964,0.9051884412765503,-0.02916547656059265,afternoon
0.8579750657081604,0.8051083087921143,1.996709784179984e-07,0.8463680744171143,0.8243572115898132,-0.023479217663407326,0.8469528555870056,0.8481725454330444,-0.03780992329120636,0.8564857244491577,0.8667037487030029,-0.046860191971063614,0.8656628131866455,0.8813162446022034,-0.05459470674395561,0.8876845836639404,0.8290138840675354,-0.04124514386057854,0.8898681998252869,0.869562566280365,-0.056508369743824005,0.8798378109931946,0.8939260840415955,-0.06414569169282913,0.8693920969963074,0.9086451530456543,-0.0679214671254158,0.9009867906570435,0.8330045938491821,-0.033403366804122925,0.8976318836212158,0.877902626991272,-0.048611998558044434,0.8846923112869263,0.9040035009384155,-0.053693514317274094,0.872837483882904,0.9188375473022461,-0.055776696652173996,0.9058347940444946,0.8419807553291321,-0.0258994922041893,0.902046799659729,0.8848916888237,-0.03951852768659592,0.8906062841415405,0.9064726233482361,-0.04209271818399429,0.8799532651901245,0.9186781644821167,-0.0421077199280262,0.9055920243263245,0.8511846661567688,-0.019686365500092506,0.9010061025619507,0.8858587741851807,-0.03072022832930088,0.8916454911231995,0.90339195728302,-0.033500026911497116,0.8831459283828735,0.9146504402160645,-0.0334889218211174,afternoon
0.859189510345459,0.8186097145080566,2.1902674518514686e-07,0.8479052186012268,0.8350740671157837,-0.024680010974407196,0.8459596633911133,0.8558195233345032,-0.03982487693428993,0.8509367108345032,0.8768779039382935,-0.04971036687493324,0.8562403321266174,0.8947561383247375,-0.05825625732541084,0.8902521729469299,0.8453912734985352,-0.03979978710412979,0.8863301873207092,0.883787989616394,-0.05564533919095993,0.8756637573242188,0.9074485301971436,-0.06492435187101364,0.8655375242233276,0.9229018688201904,-0.07002393156290054,0.9025052189826965,0.8523612022399902,-0.031753335148096085,0.8936850428581238,0.8955690264701843,-0.046857427805662155,0.88010174036026,0.9194380044937134,-0.052724696695804596,0.8677345514297485,0.9335157871246338,-0.05553235486149788,0.906469464302063,0.8616210222244263,-0.024407245218753815,0.8970959186553955,0.902380108833313,-0.03765499219298363,0.8852108120918274,0.9220389127731323,-0.04068920388817787,0.8743234872817993,0.9338987469673157,-0.04114371910691261,0.9053683280944824,0.8697755336761475,-0.018670998513698578,0.8977092504501343,0.9022248387336731,-0.029302330687642097,0.8879866003990173,0.9181768894195557,-0.03215508535504341,0.8790619969367981,0.9291672706604004,-0.03226591274142265,afternoon
0.8604029417037964,0.8224766850471497,2.51520674510175e-07,0.8482791781425476,0.8424410820007324,-0.022199466824531555,0.8454957604408264,0.8679097890853882,-0.035878848284482956,0.8505809903144836,0.8924170136451721,-0.04506232589483261,0.8571975231170654,0.916272759437561,-0.05318587273359299,0.8886579871177673,0.8616528511047363,-0.03510545939207077,0.8892278671264648,0.902220606803894,-0.049487728625535965,0.8794745802879333,0.9279024600982666,-0.05801161378622055,0.8688164353370667,0.9456282258033752,-0.06283332407474518,0.8999586701393127,0.8663787841796875,-0.02829614095389843,0.8950575590133667,0.9099968671798706,-0.04319368302822113,0.8806543946266174,0.9357566237449646,-0.04952289164066315,0.8673244714736938,0.9502551555633545,-0.05225536599755287,0.9030317664146423,0.8736703395843506,-0.022141635417938232,0.8964537382125854,0.913682758808136,-0.03542304039001465,0.8837553262710571,0.9347996711730957,-0.038723934441804886,0.8725433349609375,0.9471490383148193,-0.03912527114152908,0.9007990956306458,0.880434513092041,-0.017322327941656113,0.8942515850067139,0.9118923544883728,-0.02873349003493786,0.8841866850852966,0.9302313923835754,-0.03175850957632065,0.874595046043396,0.9424277544021606,-0.03163458779454231,afternoon
0.8646574020385742,0.8327940702438354,2.9689860525650147e-07,0.850452721118927,0.8495693802833557,-0.022449007257819176,0.8478248715400696,0.8754407167434692,-0.03583202511072159,0.8529665470123291,0.9026625156402588,-0.04441333934664726,0.8577262759208679,0.9280319809913635,-0.05163620784878731,0.8927401304244995,0.8692000508308411,-0.037268299609422684,0.8914865255355835,0.914093017578125,-0.05064970627427101,0.8792343735694885,0.939712643623352,-0.05744091421365738,0.8676844239234924,0.9567007422447205,-0.061109598726034164,0.9057687520980835,0.8724972605705261,-0.029920898377895355,0.8992812633514404,0.9186468720436096,-0.04386181756854057,0.8829856514930725,0.9456064701080322,-0.04898487403988838,0.8686249852180481,0.9610101580619812,-0.05133981630206108,0.910111129283905,0.8786946535110474,-0.023017173632979393,0.9020690321922302,0.9224157333374023,-0.03505679965019226,0.8876650929450989,0.945167064666748,-0.03790082037448883,0.8752642869949341,0.9589347839355469,-0.03854689002037048,0.9090101718902588,0.8856385350227356,-0.017493458464741707,0.9025042057037354,0.9200217127799988,-0.027960820123553276,0.8923118114471436,0.9389588236808777,-0.031108826398849487,0.8826007843017578,0.951160192489624,-0.03152727708220482,afternoon
0.855660080909729,0.8227604627609253,1.9047864441290585e-07,0.8424135446548462,0.8397420644760132,-0.019322095438838005,0.8393489122390747,0.8664646744728088,-0.030744288116693497,0.8451294898986816,0.8914815187454224,-0.03815770521759987,0.8509550094604492,0.913347065448761,-0.04418106749653816,0.8819590210914612,0.8628641366958618,-0.03014240600168705,0.8822523951530457,0.9069145917892456,-0.04200666770339012,0.8702805638313293,0.9306703209877014,-0.04838554933667183,0.8591555953025818,0.9456585049629211,-0.051751162856817245,0.8955908417701721,0.8652780055999756,-0.023861585184931755,0.8928837180137634,0.9128170609474182,-0.03538472577929497,0.8773540258407593,0.9343467950820923,-0.0393136627972126,0.8639103770256042,0.9445717334747314,-0.0408448800444603,0.9007584452629089,0.8708662986755371,-0.01817065291106701,0.8961770534515381,0.9145171046257019,-0.028540926054120064,0.8824177384376526,0.9326261878013611,-0.030053628608584404,0.8706271648406982,0.9410990476608276,-0.029714202508330345,0.9004136323928833,0.8769991397857666,-0.01371777057647705,0.8959748148918152,0.911334753036499,-0.022981571033596992,0.8850850462913513,0.9283772110939026,-0.025056950747966766,0.8750912547111511,0.9376748204231262,-0.02470882050693035,afternoon
0.8449627161026001,0.8217969536781311,2.2354183215611556e-07,0.8329487442970276,0.8394371867179871,-0.02185935340821743,0.8320060968399048,0.8665404915809631,-0.03385639563202858,0.8393294215202332,0.8942194581031799,-0.040923114866018295,0.8457135558128357,0.9159803986549377,-0.046574849635362625,0.8760940432548523,0.8586304783821106,-0.03517763689160347,0.8749445676803589,0.9041196703910828,-0.04739297553896904,0.8627208471298218,0.9291014075279236,-0.053753890097141266,0.8513748049736023,0.945406973361969,-0.05717238038778305,0.8887394666671753,0.8639827370643616,-0.027492118999361992,0.8849219083786011,0.9115171432495117,-0.040407951921224594,0.8688785433769226,0.9345290660858154,-0.04506925866007805,0.8554214835166931,0.9465792775154114,-0.046913713216781616,0.8927242755889893,0.8721717596054077,-0.020154228433966637,0.8865770697593689,0.9153820872306824,-0.031442515552043915,0.8722686171531677,0.9340029954910278,-0.0335456021130085,0.8604909777641296,0.9439093470573425,-0.03340993449091911,0.8916475772857666,0.8802499771118164,-0.014174522832036018,0.8864279389381409,0.9140220284461975,-0.024107087403535843,0.8753703236579895,0.9311310052871704,-0.026501577347517014,0.8654306530952454,0.9415987730026245,-0.026176657527685165,afternoon
0.8392453193664551,0.8320680856704712,2.3836093987483764e-07,0.828628420829773,0.8485978245735168,-0.022194452583789825,0.8257222175598145,0.8725236058235168,-0.03617073595523834,0.8307968378067017,0.8985005617141724,-0.045648615807294846,0.8374524712562561,0.9218558669090271,-0.053759075701236725,0.8726516366004944,0.8616406917572021,-0.03622245416045189,0.869750440120697,0.907744824886322,-0.05064176023006439,0.8563868403434753,0.9338058233261108,-0.05877351760864258,0.8435688614845276,0.9504765272140503,-0.06336171180009842,0.8843091130256653,0.8694778680801392,-0.029731852933764458,0.8777248859405518,0.9172095060348511,-0.04484261944890022,0.8599474430084229,0.9439030885696411,-0.05106031894683838,0.8444098830223083,0.9580308198928833,-0.054004788398742676,0.8877398371696472,0.8798465728759766,-0.023758510127663612,0.8814177513122559,0.9243425130844116,-0.03703240677714348,0.8662127256393433,0.9471502304077148,-0.040216412395238876,0.8527565002441406,0.9599651098251343,-0.040846407413482666,0.8863140344619751,0.8901979923248291,-0.019147004932165146,0.88063645362854,0.9242353439331055,-0.030911672860383987,0.868873119354248,0.9433940649032593,-0.034052591770887375,0.8574439287185669,0.9554381370544434,-0.03422512486577034,afternoon
0.8337640166282654,0.8437274098396301,2.1174712117044692e-07,0.8220654726028442,0.8563965559005737,-0.02371295541524887,0.8194319605827332,0.8786096572875977,-0.03831320255994797,0.8244961500167847,0.904248833656311,-0.04766964539885521,0.8294396996498108,0.9278254508972168,-0.0555136539041996,0.8672025799751282,0.8670902848243713,-0.04004603996872902,0.8618487119674683,0.9149619936943054,-0.05439696088433266,0.8479174971580505,0.9414845108985901,-0.06204603239893913,0.8358950614929199,0.9582586288452148,-0.06648069620132446,0.8805837035179138,0.8787111639976501,-0.032724328339099884,0.8696999549865723,0.9263544082641602,-0.04694150388240814,0.8512474298477173,0.9514705538749695,-0.05187992379069328,0.8368205428123474,0.9637846350669861,-0.054322823882102966,0.8844229578971863,0.8922030925750732,-0.02580312266945839,0.8738903999328613,0.9354371428489685,-0.03866306692361832,0.8578360080718994,0.9547326564788818,-0.04073579981923103,0.8447116017341614,0.963703989982605,-0.04065246880054474,0.8831105828285217,0.904506504535675,-0.02033698558807373,0.8750692009925842,0.9380496740341187,-0.031641505658626556,0.8628489375114441,0.9542551040649414,-0.03392663225531578,0.8522663116455078,0.9633939862251282,-0.03341594710946083,afternoon
0.8317762017250061,0.8393537402153015,1.7636418192523706e-07,0.8199272751808167,0.8564481735229492,-0.02097839117050171,0.818143367767334,0.8828361630439758,-0.03309096395969391,0.8227364420890808,0.9103966951370239,-0.04030235856771469,0.8254574537277222,0.9344214797019958,-0.04613153263926506,0.8655089139938354,0.8768933415412903,-0.034832388162612915,0.8605760931968689,0.9228923320770264,-0.04594698175787926,0.8469681739807129,0.9483330845832825,-0.05128377303481102,0.8352068662643433,0.9649151563644409,-0.05429871380329132,0.8779132962226868,0.8843775391578674,-0.027476513758301735,0.8687750101089478,0.9326168894767761,-0.038579344749450684,0.8508604764938354,0.9548463821411133,-0.04161956161260605,0.8361847996711731,0.9653664231300354,-0.04284326732158661,0.8811440467834473,0.8939757347106934,-0.020386718213558197,0.8720693588256836,0.9389191269874573,-0.031350597739219666,0.8562726974487305,0.9562835097312927,-0.03298940137028694,0.8427222967147827,0.9633970260620117,-0.032630983740091324,0.8788149952888489,0.9026759266853333,-0.014444619417190552,0.8722641468048096,0.9375560283660889,-0.025035519152879715,0.8605179786682129,0.9540908932685852,-0.02761555090546608,0.8500868082046509,0.9630373120307922,-0.027273576706647873,afternoon
0.8354606628417969,0.8414530158042908,2.4077462512650527e-07,0.8228502869606018,0.8583894371986389,-0.021995022892951965,0.8199172616004944,0.8852954506874084,-0.03478081896901131,0.8256292939186096,0.9132114052772522,-0.042680736631155014,0.8302809596061707,0.9396429061889648,-0.04897495359182358,0.8706105351448059,0.8808112740516663,-0.032667092978954315,0.8640462160110474,0.9276379346847534,-0.04416981711983681,0.8505935072898865,0.9527272582054138,-0.050571247935295105,0.8384573459625244,0.968342661857605,-0.054321061819791794,0.8831702470779419,0.8878998756408691,-0.02540292777121067,0.8737729787826538,0.9364004135131836,-0.03732913359999657,0.8556158542633057,0.9593135118484497,-0.042375579476356506,0.8403552174568176,0.9700136184692383,-0.04472295939922333,0.8867707848548889,0.8967660665512085,-0.018652712926268578,0.8772252798080444,0.9403719902038574,-0.029422646388411522,0.8615947365760803,0.9596407413482666,-0.03213058039546013,0.8482035398483276,0.9691905975341797,-0.032634586095809937,0.8848717212677002,0.9050517082214355,-0.01327547337859869,0.8768993020057678,0.9384202361106873,-0.023327002301812172,0.8651829361915588,0.9548315405845642,-0.026257464662194252,0.8544273376464844,0.9641880393028259,-0.026282893493771553,afternoon
0.8363924622535706,0.8377406001091003,2.4775113161012996e-07,0.824226975440979,0.8553338050842285,-0.0235808864235878,0.8230698704719543,0.8823561668395996,-0.03704312443733215,0.829340934753418,0.9103030562400818,-0.044926948845386505,0.8343709707260132,0.9360648989677429,-0.051199521869421005,0.8720916509628296,0.8755713701248169,-0.03731993958353996,0.8678368926048279,0.9212571978569031,-0.04961836338043213,0.8544197678565979,0.9487977623939514,-0.05574268102645874,0.8419498205184937,0.966522753238678,-0.05906521901488304,0.8847386240959167,0.8824916481971741,-0.028810270130634308,0.8767544031143188,0.9332194924354553,-0.041384924203157425,0.8579724431037903,0.9571161270141602,-0.0456506609916687,0.8424741625785828,0.9678144454956055,-0.04729720205068588,0.8878250122070312,0.8918910026550293,-0.020612061023712158,0.878750741481781,0.9371173977851868,-0.032193221151828766,0.8626839518547058,0.9568814039230347,-0.03416607901453972,0.849144697189331,0.9663090109825134,-0.033945921808481216,0.885036051273346,0.900000274181366,-0.013799181208014488,0.8770056366920471,0.9345199465751648,-0.024795759469270706,0.8648200631141663,0.9520936608314514,-0.02764756791293621,0.853980302810669,0.96234130859375,-0.027389325201511383,afternoon
0.8386766314506531,0.8405194282531738,2.5213691401404503e-07,0.826032817363739,0.8562231063842773,-0.02595197781920433,0.8234506845474243,0.8806940317153931,-0.04116230085492134,0.82989901304245,0.9085186719894409,-0.050655171275138855,0.8347345590591431,0.9347422122955322,-0.05837076157331467,0.8722543120384216,0.8761525750160217,-0.04074239730834961,0.8679359555244446,0.9236500859260559,-0.05497530847787857,0.8537418246269226,0.9498445391654968,-0.06198958680033684,0.8404916524887085,0.9656955599784851,-0.0656818225979805,0.8854837417602539,0.8844042420387268,-0.031752295792102814,0.8781957030296326,0.9349200129508972,-0.04632022604346275,0.859108030796051,0.9575145244598389,-0.0512964092195034,0.8434562683105469,0.9668862223625183,-0.0531851164996624,0.889437735080719,0.8941938281059265,-0.02332567423582077,0.8805633187294006,0.939454197883606,-0.03627271205186844,0.8637495636940002,0.9577984809875488,-0.03855202719569206,0.8498451709747314,0.9658896923065186,-0.03829764947295189,0.8878170847892761,0.9024499654769897,-0.016499614343047142,0.8807159066200256,0.9369205236434937,-0.028088681399822235,0.8684635758399963,0.9538459777832031,-0.031241614371538162,0.8575095534324646,0.9633766412734985,-0.03117506206035614,afternoon
0.840868353843689,0.8440146446228027,2.3808306082173658e-07,0.8283406496047974,0.8580325841903687,-0.0248890183866024,0.8259807229042053,0.8825711011886597,-0.03917878493666649,0.8318967223167419,0.9111137986183167,-0.04794573038816452,0.8360958695411682,0.9377620220184326,-0.05496653541922569,0.8755582571029663,0.8783357739448547,-0.0376373827457428,0.869792103767395,0.9226290583610535,-0.050709303468465805,0.8558217287063599,0.9481789469718933,-0.0573834665119648,0.8427340984344482,0.9638789892196655,-0.06103524565696716,0.8887333273887634,0.887879490852356,-0.029107503592967987,0.8801288604736328,0.9359323978424072,-0.04282499849796295,0.8605891466140747,0.9582345485687256,-0.04810366407036781,0.8444544076919556,0.9672063589096069,-0.05022008717060089,0.8924455642700195,0.898436427116394,-0.021138353273272514,0.8821368217468262,0.9413432478904724,-0.03394847735762596,0.864356279373169,0.959231436252594,-0.036797814071178436,0.8498374223709106,0.9662942290306091,-0.036774203181266785,0.8905776739120483,0.9070760011672974,-0.01465168409049511,0.8828651905059814,0.9402165412902832,-0.026367492973804474,0.8695630431175232,0.9562302231788635,-0.029669741168618202,0.8578723073005676,0.9645451903343201,-0.02955290861427784,afternoon
0.839444100856781,0.8412944078445435,2.1586205889434495e-07,0.8274134993553162,0.8612073659896851,-0.02162970043718815,0.8267832398414612,0.8894717693328857,-0.034048955887556076,0.8334892392158508,0.9168866872787476,-0.04159842059016228,0.8371841311454773,0.9410377740859985,-0.04750198870897293,0.8756422400474548,0.8827039003372192,-0.03458467870950699,0.8714568018913269,0.9288477301597595,-0.04668770730495453,0.8566652536392212,0.9544259905815125,-0.05258367210626602,0.8432424664497375,0.9690127372741699,-0.05557999014854431,0.8875720500946045,0.8883222937583923,-0.027172375470399857,0.8789110779762268,0.9375451803207397,-0.0398172102868557,0.8600565791130066,0.9623680710792542,-0.04437927156686783,0.843978226184845,0.973736047744751,-0.04623672738671303,0.8906705379486084,0.8960660696029663,-0.0201382115483284,0.8808421492576599,0.9412832260131836,-0.03168657422065735,0.8647705912590027,0.962257444858551,-0.03461166471242905,0.8510229587554932,0.9724982380867004,-0.03505779430270195,0.8883965611457825,0.9027933478355408,-0.014365179464221,0.880441427230835,0.938651442527771,-0.025006964802742004,0.868628740310669,0.9572672843933105,-0.0283666979521513,0.8577612042427063,0.9681935906410217,-0.028641464188694954,afternoon
0.8389785885810852,0.842449963092804,2.3179693187103112e-07,0.8280577659606934,0.8611826300621033,-0.02101748436689377,0.8270008563995361,0.8893290162086487,-0.03330725058913231,0.8318264484405518,0.9176949262619019,-0.04100247472524643,0.8353031277656555,0.9422951936721802,-0.04726637527346611,0.8767313957214355,0.8850044012069702,-0.03198597580194473,0.8711791038513184,0.930154025554657,-0.04461471736431122,0.8571513295173645,0.9560302495956421,-0.05225937440991402,0.8438817858695984,0.9720609188079834,-0.05656958371400833,0.8877625465393066,0.8907332420349121,-0.025225667282938957,0.8795135617256165,0.9381515979766846,-0.0380588062107563,0.8620181083679199,0.9630874991416931,-0.04390140250325203,0.8467380404472351,0.9758734703063965,-0.04665939509868622,0.8901418447494507,0.8982678055763245,-0.01895853877067566,0.8811848163604736,0.9417009949684143,-0.03027578443288803,0.8662416338920593,0.962626039981842,-0.03343411162495613,0.8532936573028564,0.9738637208938599,-0.03408161178231239,0.8872194886207581,0.9046916961669922,-0.014019323512911797,0.8801112771034241,0.9387201070785522,-0.02408790960907936,0.8691161870956421,0.9563789367675781,-0.026934148743748665,0.8588138818740845,0.9672001004219055,-0.02687520533800125,afternoon
0.8392744660377502,0.8403304815292358,2.594375132503046e-07,0.826561450958252,0.8580757975578308,-0.023327592760324478,0.8249737620353699,0.8859489560127258,-0.03705327585339546,0.8309474587440491,0.9159221053123474,-0.04552113264799118,0.8365511298179626,0.9434103965759277,-0.052451033145189285,0.8746854066848755,0.883101224899292,-0.03777595981955528,0.8711980581283569,0.9300125241279602,-0.05109374225139618,0.8574893474578857,0.9570523500442505,-0.0580473467707634,0.8444118499755859,0.9746206998825073,-0.06179403141140938,0.8870578408241272,0.8881787657737732,-0.02972659468650818,0.8784933686256409,0.9365944862365723,-0.04251323267817497,0.8616093993186951,0.9628509283065796,-0.04725510627031326,0.8469547033309937,0.9772493839263916,-0.04962002485990524,0.8903144001960754,0.8955132961273193,-0.022163890302181244,0.8801076412200928,0.9395014047622681,-0.03340863063931465,0.8657462000846863,0.9620055556297302,-0.03596806526184082,0.8530888557434082,0.9759168028831482,-0.0366387814283371,0.887850821018219,0.9024177193641663,-0.016108540818095207,0.8790619373321533,0.9366488456726074,-0.02657788060605526,0.8677331209182739,0.9556165337562561,-0.029754366725683212,0.857254147529602,0.9684150815010071,-0.03008248098194599,afternoon
0.8448959589004517,0.8430817723274231,2.5811004888964817e-07,0.8298080563545227,0.8603193759918213,-0.02484999969601631,0.8265047669410706,0.888490617275238,-0.03915081545710564,0.8310579657554626,0.9186416268348694,-0.047955289483070374,0.8358016610145569,0.9456161260604858,-0.05511331930756569,0.8753011226654053,0.8860601186752319,-0.040249403566122055,0.8712580800056458,0.9350142478942871,-0.053837742656469345,0.8553524017333984,0.9601411819458008,-0.06009387597441673,0.8416203260421753,0.9747462868690491,-0.06320824474096298,0.8882843852043152,0.8927047848701477,-0.03179897740483284,0.881364643573761,0.9455114006996155,-0.04626341909170151,0.8607675433158875,0.9703705906867981,-0.05153433606028557,0.8439013361930847,0.9815585613250732,-0.053650643676519394,0.8919317126274109,0.9014829397201538,-0.02371966652572155,0.8848505020141602,0.9493938684463501,-0.03667494282126427,0.86695396900177,0.9712924957275391,-0.04005132243037224,0.8519796133041382,0.9822296500205994,-0.040748707950115204,0.8897269368171692,0.9088206887245178,-0.01705377921462059,0.8823257088661194,0.9462666511535645,-0.029221003875136375,0.8688536882400513,0.9651221036911011,-0.03318605199456215,0.8565546274185181,0.975568413734436,-0.03378676623106003,afternoon
0.841522216796875,0.8448048233985901,2.4126688913383987e-07,0.8279891610145569,0.8631929755210876,-0.022707875818014145,0.8252407312393188,0.889836311340332,-0.03667522966861725,0.8300197124481201,0.9193731546401978,-0.04603789001703262,0.8338900208473206,0.9476926922798157,-0.05386842414736748,0.8737325668334961,0.8886675834655762,-0.03592390939593315,0.8705260157585144,0.9367009997367859,-0.04975919798016548,0.8562065958976746,0.9628551006317139,-0.05700322613120079,0.8424246311187744,0.9784674048423767,-0.06070583686232567,0.8858878016471863,0.894961953163147,-0.028770120814442635,0.8791879415512085,0.9456861615180969,-0.04308561608195305,0.8604427576065063,0.9710891842842102,-0.0487208217382431,0.8440408110618591,0.9831573367118835,-0.05107956379652023,0.8891388177871704,0.9032717943191528,-0.022184496745467186,0.8821719884872437,0.9496235251426697,-0.03455573692917824,0.8661327362060547,0.9720469117164612,-0.03761506825685501,0.8518970608711243,0.9841287732124329,-0.038154236972332,0.8868998885154724,0.9111804366111755,-0.017027385532855988,0.8818508386611938,0.9473294019699097,-0.028025874868035316,0.8700247406959534,0.9667681455612183,-0.031172264367341995,0.8583874106407166,0.9785352349281311,-0.031319476664066315,afternoon
0.7569714784622192,0.5790506601333618,2.2185605530467e-07,0.7632930278778076,0.5686135292053223,-0.011775216087698936,0.7774892449378967,0.5517697930335999,-0.017138585448265076,0.791354775428772,0.5393956899642944,-0.020883476361632347,0.7978441715240479,0.5300596952438354,-0.024817228317260742,0.7886297106742859,0.516559362411499,-0.013081428594887257,0.8093127012252808,0.4901372790336609,-0.02083745412528515,0.8213517069816589,0.4725014269351959,-0.026895994320511818,0.8293723464012146,0.45909830927848816,-0.03112013265490532,0.791420578956604,0.5129327178001404,-0.0137358158826828,0.8106045722961426,0.4757438004016876,-0.021188613027334213,0.8230130672454834,0.4513463079929352,-0.02813171222805977,0.8318914771080017,0.43344104290008545,-0.03219706937670708,0.790550708770752,0.5182158350944519,-0.015405159443616867,0.8078648447990417,0.48511502146720886,-0.025191735476255417,0.8194282054901123,0.4598724842071533,-0.034459736198186874,0.828744113445282,0.441428005695343,-0.04028410464525223,0.7866010665893555,0.5309581756591797,-0.017559723928570747,0.7952527403831482,0.5196073651313782,-0.028013112023472786,0.796941876411438,0.519218921661377,-0.03163592517375946,0.7966744303703308,0.524612307548523,-0.0329759307205677,afternoon
0.22269783914089203,0.5863299369812012,3.081442230268294e-07,0.22533287107944489,0.5592172145843506,-0.013699357397854328,0.2136716991662979,0.5340532064437866,-0.01953418180346489,0.19606050848960876,0.52653568983078,-0.02362755313515663,0.17918001115322113,0.5277045369148254,-0.028481898829340935,0.18807019293308258,0.5090347528457642,-0.0163222998380661,0.17340798676013947,0.4739721417427063,-0.02408931590616703,0.16293463110923767,0.4520975351333618,-0.02989189140498638,0.1544855535030365,0.4352867305278778,-0.03374328091740608,0.17558102309703827,0.5257075428962708,-0.015804287046194077,0.150901198387146,0.4976276457309723,-0.023196816444396973,0.13411562144756317,0.4792642295360565,-0.030379753559827805,0.12128959596157074,0.46601563692092896,-0.03477833420038223,0.17095410823822021,0.5474018454551697,-0.016176043078303337,0.14488492906093597,0.5294106006622314,-0.02700054459273815,0.12634550034999847,0.5169222354888916,-0.036993879824876785,0.11274378001689911,0.5079434514045715,-0.04328343644738197,0.17281414568424225,0.5711371898651123,-0.01698935218155384,0.16688434779644012,0.556772768497467,-0.028633663430809975,0.17462946474552155,0.5536499619483948,-0.03274041786789894,0.184127077460289,0.5549031496047974,-0.03437557443976402,afternoon
0.7572788596153259,0.6302292943000793,1.9191365652204695e-07,0.7717945575714111,0.6022144556045532,-0.010566994547843933,0.7978929281234741,0.5980188250541687,-0.014964141882956028,0.8169753551483154,0.6203675866127014,-0.017903463914990425,0.824601411819458,0.6430493593215942,-0.020933346822857857,0.821797788143158,0.5986856818199158,-0.01245527807623148,0.8524152636528015,0.5893731117248535,-0.02020784094929695,0.8728414177894592,0.5836899876594543,-0.025907061994075775,0.8898472189903259,0.5778592824935913,-0.030223170295357704,0.8247506618499756,0.6232215166091919,-0.01447883527725935,0.8582162261009216,0.6228381395339966,-0.021134400740265846,0.8805036544799805,0.6256792545318604,-0.027789749205112457,0.8996990323066711,0.6282615661621094,-0.032507382333278656,0.8192095756530762,0.6439964771270752,-0.017766093835234642,0.8415622115135193,0.6586936116218567,-0.027680622413754463,0.8580644726753235,0.6712245345115662,-0.03594300150871277,0.8720506429672241,0.6813090443611145,-0.040746256709098816,0.8087807893753052,0.6612794399261475,-0.021571923047304153,0.8242908120155334,0.6627095937728882,-0.029376285150647163,0.8279713988304138,0.6604275107383728,-0.03129934147000313,0.829679548740387,0.6588909029960632,-0.032419439405202866,afternoon
0.2007097452878952,0.6380240321159363,3.40307707347165e-07,0.19261834025382996,0.6171704530715942,-0.016336429864168167,0.17739835381507874,0.6128720045089722,-0.024839704856276512,0.16426391899585724,0.6281341910362244,-0.031078364700078964,0.15415947139263153,0.6436470746994019,-0.03797519952058792,0.14525851607322693,0.6116275191307068,-0.02345956675708294,0.11746300011873245,0.6003988981246948,-0.0346023291349411,0.09823563694953918,0.5939877033233643,-0.04220978170633316,0.08197623491287231,0.5897233486175537,-0.04724767059087753,0.14336904883384705,0.6353142857551575,-0.022628698498010635,0.11030815541744232,0.6404774785041809,-0.03324674814939499,0.09005372226238251,0.6442505717277527,-0.04118608683347702,0.07365155965089798,0.6473348736763,-0.04562893882393837,0.1500009149312973,0.6549424529075623,-0.02252945490181446,0.1241673156619072,0.6704290509223938,-0.034980472177267075,0.10729601234197617,0.6811795830726624,-0.04282854497432709,0.09341779351234436,0.688291609287262,-0.047131821513175964,0.1629219502210617,0.6702350974082947,-0.02324753627181053,0.15441830456256866,0.6751394271850586,-0.03465462848544121,0.1590273678302765,0.6716551184654236,-0.037026409059762955,0.1653972864151001,0.6668577194213867,-0.037236470729112625,afternoon
0.7490724325180054,0.6268513202667236,1.5204577152871934e-07,0.7600669264793396,0.6028667092323303,-0.011414681561291218,0.780547022819519,0.5977619886398315,-0.016423529013991356,0.7986629605293274,0.6131120920181274,-0.019947683438658714,0.8107128739356995,0.626746654510498,-0.02314525470137596,0.8177530765533447,0.5901092290878296,-0.010894577018916607,0.8476230502128601,0.5762431621551514,-0.017549870535731316,0.8673444390296936,0.5672006607055664,-0.02279985323548317,0.8842060565948486,0.5580160617828369,-0.027168793603777885,0.822720468044281,0.6126556992530823,-0.01321396790444851,0.8573192358016968,0.6069018244743347,-0.020217102020978928,0.8800600171089172,0.6063481569290161,-0.026912182569503784,0.8988681435585022,0.6049662232398987,-0.03153349831700325,0.8177090287208557,0.6334302425384521,-0.01675640232861042,0.8437871932983398,0.6464632153511047,-0.026700763031840324,0.861747682094574,0.6565369367599487,-0.033925700932741165,0.876911997795105,0.6643723845481873,-0.03848812356591225,0.8058967590332031,0.6511469483375549,-0.02091125398874283,0.821147620677948,0.648007869720459,-0.028934169560670853,0.8167926669120789,0.6403500437736511,-0.028858868405222893,0.809532880783081,0.6360701322555542,-0.028452910482883453,afternoon
0.2071075141429901,0.6308684945106506,2.936235432571266e-07,0.19627729058265686,0.6032053828239441,-0.01173141784965992,0.1777489185333252,0.5956935882568359,-0.017196159809827805,0.16461583971977234,0.6086516976356506,-0.02140691876411438,0.15801745653152466,0.6271923184394836,-0.026484018191695213,0.14616230130195618,0.5976438522338867,-0.015272673219442368,0.11886130273342133,0.5855950117111206,-0.023356636986136436,0.10019872337579727,0.579239547252655,-0.0292168278247118,0.08488774299621582,0.5755211710929871,-0.03309551626443863,0.14407147467136383,0.6211975812911987,-0.01603648066520691,0.11054304242134094,0.6249542832374573,-0.023085130378603935,0.08913803100585938,0.6274574398994446,-0.0292233694344759,0.07184285670518875,0.6308532357215881,-0.03265208378434181,0.15081965923309326,0.6418911218643188,-0.017431627959012985,0.12409161031246185,0.6535917520523071,-0.027392255142331123,0.10529930889606476,0.6616453528404236,-0.035805732011795044,0.09026166796684265,0.6693349480628967,-0.04086098074913025,0.16444461047649384,0.6583820581436157,-0.019289638847112656,0.1564248651266098,0.6564773917198181,-0.029393574222922325,0.163628950715065,0.6504405736923218,-0.031559884548187256,0.1731155663728714,0.6462305784225464,-0.031729403883218765,afternoon
0.7451533675193787,0.6249566078186035,1.4862757780065294e-07,0.7585564255714417,0.6015568375587463,-0.009621838107705116,0.780545175075531,0.5968564748764038,-0.0135187404230237,0.7977558970451355,0.6122259497642517,-0.016320133581757545,0.8078140616416931,0.6256006956100464,-0.019081365317106247,0.8166295289993286,0.589790403842926,-0.009014634415507317,0.846708357334137,0.5756123065948486,-0.014653364196419716,0.8666781187057495,0.5661682486534119,-0.018959952518343925,0.8838856220245361,0.5572938919067383,-0.02284669317305088,0.8213022351264954,0.6128319501876831,-0.012190260924398899,0.8570161461830139,0.6066809296607971,-0.019024251028895378,0.880605161190033,0.6062862873077393,-0.025546137243509293,0.8996092081069946,0.6053035259246826,-0.030083853751420975,0.8161142468452454,0.634284496307373,-0.016539176926016808,0.8442748188972473,0.6470907926559448,-0.02731567807495594,0.8635129332542419,0.657357931137085,-0.0360722541809082,0.8790958523750305,0.665411651134491,-0.04159761220216751,0.8042383790016174,0.652477502822876,-0.021197156980633736,0.8186063170433044,0.6462790369987488,-0.030358992516994476,0.8111704587936401,0.6357830762863159,-0.031673431396484375,0.8011968731880188,0.6295052766799927,-0.032396625727415085,afternoon
0.21114830672740936,0.6309409737586975,2.842656101620378e-07,0.1978992223739624,0.6026959419250488,-0.010968356393277645,0.1756477802991867,0.5960171222686768,-0.014526093378663063,0.15928038954734802,0.6060547828674316,-0.01684168167412281,0.14753490686416626,0.6183326244354248,-0.01986992172896862,0.14582832157611847,0.5981886386871338,-0.012577150948345661,0.11723064631223679,0.586281955242157,-0.018949802964925766,0.09855520725250244,0.5793557167053223,-0.02363395318388939,0.08288554847240448,0.5749505162239075,-0.02684023603796959,0.14370456337928772,0.6217818856239319,-0.012908829376101494,0.11035740375518799,0.6252737641334534,-0.018435422331094742,0.08893884718418121,0.627312421798706,-0.02423481084406376,0.07238764315843582,0.6298896074295044,-0.027782397344708443,0.15004031360149384,0.6424108147621155,-0.013983994722366333,0.12290920317173004,0.6550778150558472,-0.023263582959771156,0.10259899497032166,0.6640214920043945,-0.03279461711645126,0.08729909360408783,0.6720805168151855,-0.038991257548332214,0.16288526356220245,0.6582117676734924,-0.015449421480298042,0.154905766248703,0.6566820740699768,-0.026075778529047966,0.16217271983623505,0.6506227254867554,-0.029972920194268227,0.17227263748645782,0.6464032530784607,-0.031531836837530136,afternoon
0.7426794767379761,0.6219509243965149,8.630446757251775e-08,0.7561034560203552,0.5905928611755371,-0.008689112029969692,0.7822099328041077,0.5768296718597412,-0.010548378340899944,0.805241048336029,0.5867220759391785,-0.011295519769191742,0.8210110068321228,0.6002684235572815,-0.012301970273256302,0.8065595030784607,0.561370313167572,-0.005056049209088087,0.8338676691055298,0.5395005345344543,-0.010334978811442852,0.8520410656929016,0.5268540382385254,-0.01449474785476923,0.8667401075363159,0.515843391418457,-0.018129002302885056,0.8142619132995605,0.5813508033752441,-0.0073645408265292645,0.8502005934715271,0.5677285194396973,-0.011954722926020622,0.8732173442840576,0.5608189105987549,-0.017548728734254837,0.8912288546562195,0.5553155541419983,-0.02155708707869053,0.813098132610321,0.6031585931777954,-0.01113173458725214,0.842238187789917,0.6056724786758423,-0.02125285565853119,0.8633182644844055,0.609309732913971,-0.031767409294843674,0.8809491991996765,0.6135188937187195,-0.038991544395685196,0.8054853677749634,0.6254882216453552,-0.01496934238821268,0.8126627802848816,0.6145409941673279,-0.0268756914883852,0.8052843809127808,0.6048639416694641,-0.03125297650694847,0.7969469428062439,0.6004496812820435,-0.03367295861244202,afternoon
0.22455167770385742,0.627471387386322,2.3613100097463757e-07,0.21720784902572632,0.5980559587478638,-0.012626989744603634,0.19758379459381104,0.5815386772155762,-0.017369652166962624,0.17904749512672424,0.5846143960952759,-0.020948488265275955,0.16739365458488464,0.5986268520355225,-0.025153206661343575,0.1597946733236313,0.5671058893203735,-0.011670677922666073,0.1331588476896286,0.5460577011108398,-0.020516835153102875,0.11508943140506744,0.53140789270401,-0.02804846689105034,0.1008954793214798,0.519689679145813,-0.03296713903546333,0.15275593101978302,0.5887126326560974,-0.012435208074748516,0.12008226662874222,0.5819656848907471,-0.019069606438279152,0.098369300365448,0.5791127681732178,-0.02618495188653469,0.08160239458084106,0.5766909718513489,-0.03047957271337509,0.15572236478328705,0.6111923456192017,-0.014482305385172367,0.12748371064662933,0.6133630871772766,-0.02461218275129795,0.10663236677646637,0.6145586371421814,-0.03436347097158432,0.09040675312280655,0.615240216255188,-0.0405961312353611,0.16676218807697296,0.6336584687232971,-0.017334047704935074,0.15951471030712128,0.6263843774795532,-0.029179571196436882,0.16886284947395325,0.6201000809669495,-0.03270309418439865,0.1803888976573944,0.6161390542984009,-0.03361145034432411,afternoon
0.739404559135437,0.6143388748168945,4.927127150722299e-08,0.7464664578437805,0.5760239958763123,-0.008403425104916096,0.7694897055625916,0.5509402751922607,-0.011017034761607647,0.7946954965591431,0.554783821105957,-0.012721102684736252,0.8133794665336609,0.5667017698287964,-0.014919204637408257,0.7891619205474854,0.534107506275177,-0.005445301067084074,0.8075916171073914,0.5001912117004395,-0.011710983701050282,0.8194567561149597,0.4782000482082367,-0.01722222939133644,0.8294751644134521,0.4589356780052185,-0.02178606390953064,0.8008408546447754,0.5501388907432556,-0.008309591561555862,0.8309112191200256,0.5192848443984985,-0.01334618590772152,0.8502205014228821,0.5005122423171997,-0.018556447699666023,0.8656839728355408,0.4847762882709503,-0.022493984550237656,0.8048776388168335,0.5724856853485107,-0.012675388716161251,0.8358157277107239,0.5598341226577759,-0.02247353456914425,0.8569464683532715,0.5505195260047913,-0.030949819833040237,0.8751983642578125,0.5434334874153137,-0.03690335154533386,0.8022158741950989,0.5981305241584778,-0.017254073172807693,0.8126969933509827,0.5802370309829712,-0.027557503432035446,0.8031148314476013,0.571295976638794,-0.02889607660472393,0.7926200032234192,0.5684312582015991,-0.029443321749567986,afternoon
0.2299511432647705,0.6204135417938232,1.9948666363234224e-07,0.22574159502983093,0.585377037525177,-0.009906629100441933,0.20863519608974457,0.5584679245948792,-0.014575776644051075,0.18763385713100433,0.5526291131973267,-0.01901574246585369,0.17329369485378265,0.563077449798584,-0.02362455427646637,0.17714355885982513,0.5376389026641846,-0.010448033921420574,0.15534693002700806,0.5039963722229004,-0.020258067175745964,0.1410790979862213,0.4852951765060425,-0.02796844393014908,0.1302047073841095,0.4707893133163452,-0.033241916447877884,0.16404365003108978,0.556784987449646,-0.012464885599911213,0.1339137852191925,0.5355926156044006,-0.020664121955633163,0.11442111432552338,0.5226825475692749,-0.027910498902201653,0.09998129308223724,0.5133827924728394,-0.03260349482297897,0.16134734451770782,0.5803917050361633,-0.015769129619002342,0.131564199924469,0.5717676877975464,-0.02454007975757122,0.11188999563455582,0.5678403377532959,-0.032420482486486435,0.0966859981417656,0.5633261799812317,-0.037497907876968384,0.1664881408214569,0.606842041015625,-0.01978798396885395,0.14681455492973328,0.6097991466522217,-0.02817537821829319,0.13449521362781525,0.6138716340065002,-0.03237529844045639,0.12490154802799225,0.6171395182609558,-0.03463631123304367,afternoon
0.7391307353973389,0.6106420755386353,7.016333114506779e-08,0.7432423830032349,0.577333927154541,-0.007896228693425655,0.761626660823822,0.5518147349357605,-0.010663516819477081,0.7851727604866028,0.5494720339775085,-0.012879329733550549,0.8034550547599792,0.5548854470252991,-0.015556680038571358,0.7754745483398438,0.5165918469429016,-0.004188594873994589,0.7898415327072144,0.47786256670951843,-0.01045598741620779,0.7989994287490845,0.4527357220649719,-0.016320383176207542,0.8065283298492432,0.43095800280570984,-0.021183473989367485,0.7894365191459656,0.5286763906478882,-0.007176132407039404,0.8130385875701904,0.49188992381095886,-0.012486152350902557,0.8296054005622864,0.4681233763694763,-0.018976204097270966,0.8427788019180298,0.44769930839538574,-0.02398543804883957,0.7969684600830078,0.548206627368927,-0.011580811813473701,0.8256860375404358,0.5282372832298279,-0.021412350237369537,0.8458136320114136,0.5129557847976685,-0.03119022212922573,0.8624096512794495,0.49939924478530884,-0.03818579763174057,0.7982421517372131,0.5722424983978271,-0.016167642548680305,0.8072667121887207,0.5559525489807129,-0.026669159531593323,0.7984925508499146,0.5530388951301575,-0.02900884486734867,0.7888094782829285,0.5548377633094788,-0.030304526910185814,afternoon
0.23195074498653412,0.6165101528167725,2.545663164710277e-07,0.23201581835746765,0.5823728442192078,-0.011572468094527721,0.21917445957660675,0.5561612844467163,-0.016568971797823906,0.20124700665473938,0.5473056435585022,-0.02084941230714321,0.18569675087928772,0.5520715713500977,-0.025748346000909805,0.19349448382854462,0.520194947719574,-0.011269575916230679,0.17580924928188324,0.48249465227127075,-0.019271142780780792,0.1642770767211914,0.45964276790618896,-0.025623559951782227,0.1544676125049591,0.441567599773407,-0.030041396617889404,0.1787690669298172,0.5355907678604126,-0.012576366774737835,0.1509973406791687,0.5048919916152954,-0.017775697633624077,0.1328309029340744,0.48677587509155273,-0.023542460054159164,0.11867786198854446,0.4733494818210602,-0.027317311614751816,0.1728387176990509,0.5584111213684082,-0.015191564336419106,0.14564883708953857,0.5413298010826111,-0.024141285568475723,0.126459538936615,0.529028058052063,-0.03410182520747185,0.11140188574790955,0.5204823017120361,-0.041051432490348816,0.17476724088191986,0.5849034786224365,-0.018572716042399406,0.16986535489559174,0.5794337391853333,-0.030060606077313423,0.17888543009757996,0.581488847732544,-0.03459482640028,0.1887446939945221,0.5879632830619812,-0.03659976273775101,afternoon
0.7412655353546143,0.6064864993095398,1.1574918090673236e-07,0.743429958820343,0.5770286917686462,-0.00848294235765934,0.7587112188339233,0.5531288981437683,-0.01212652213871479,0.7808229923248291,0.5508807897567749,-0.01527614425867796,0.7974162101745605,0.5545544624328613,-0.018776938319206238,0.7737697958946228,0.5157994627952576,-0.006398727651685476,0.7865046858787537,0.4768487513065338,-0.012166410684585571,0.7942564487457275,0.4527268707752228,-0.01700744405388832,0.800653338432312,0.4321407973766327,-0.021144889295101166,0.7887478470802307,0.5257396101951599,-0.009884685277938843,0.8106922507286072,0.4863177239894867,-0.014465086162090302,0.8252173066139221,0.4619593620300293,-0.02063699997961521,0.8363425731658936,0.4423242211341858,-0.025408558547496796,0.7969328165054321,0.5447171330451965,-0.01469522062689066,0.8252317309379578,0.524470329284668,-0.023403150960803032,0.8433387279510498,0.510233461856842,-0.032876238226890564,0.8581263422966003,0.4981280565261841,-0.0398775152862072,0.7995160222053528,0.5691654682159424,-0.019815823063254356,0.8076221346855164,0.5568838715553284,-0.029004212468862534,0.798421323299408,0.5567250847816467,-0.03112604282796383,0.7889657020568848,0.560497522354126,-0.03262176737189293,afternoon
0.23417076468467712,0.6096224784851074,2.4688634425729106e-07,0.23623710870742798,0.5792365074157715,-0.009776079095900059,0.22633644938468933,0.5523281693458557,-0.013756993226706982,0.20983737707138062,0.5444097518920898,-0.017320703715085983,0.192491814494133,0.5469607710838318,-0.021657539531588554,0.19960498809814453,0.5115408301353455,-0.008397135883569717,0.18443447351455688,0.474627286195755,-0.014438563957810402,0.17516474425792694,0.4520639479160309,-0.019509298726916313,0.16660459339618683,0.43355315923690796,-0.02323986403644085,0.1837843656539917,0.5248903036117554,-0.010307650081813335,0.15833362936973572,0.49371933937072754,-0.01396462507545948,0.14163975417613983,0.4747120141983032,-0.01907600834965706,0.1281837821006775,0.4594392776489258,-0.02246132865548134,0.17725668847560883,0.5461026430130005,-0.013380558229982853,0.1505209058523178,0.5284481644630432,-0.021662637591362,0.13167905807495117,0.5145831108093262,-0.032089971005916595,0.116785429418087,0.5038803815841675,-0.03933367505669594,0.17863011360168457,0.5708553791046143,-0.017024198547005653,0.17281730473041534,0.5710694193840027,-0.028510471805930138,0.18105566501617432,0.5786100625991821,-0.03351224213838577,0.19029143452644348,0.5888574123382568,-0.035723086446523666,afternoon
0.7406563758850098,0.6115467548370361,1.439552193005511e-07,0.7457394599914551,0.5936177968978882,-0.013331595808267593,0.7624140381813049,0.5778170824050903,-0.019720884039998055,0.7819836735725403,0.5736104846000671,-0.024466289207339287,0.7961407899856567,0.571590781211853,-0.029358576983213425,0.7761720418930054,0.5262773036956787,-0.014237463474273682,0.7916553020477295,0.48793771862983704,-0.022855252027511597,0.8014805912971497,0.462297648191452,-0.029450612142682076,0.808779239654541,0.4404301047325134,-0.03468029573559761,0.7903908491134644,0.5336493253707886,-0.015535500831902027,0.8140642046928406,0.49651476740837097,-0.022272853180766106,0.8308637738227844,0.47470760345458984,-0.02898968569934368,0.8429123163223267,0.45684686303138733,-0.03398485109210014,0.797164261341095,0.5519831776618958,-0.01831156201660633,0.8261356353759766,0.5357918739318848,-0.028986208140850067,0.8469942808151245,0.5259899497032166,-0.03825194388628006,0.8636376857757568,0.5176049470901489,-0.04472121596336365,0.7975092530250549,0.5767756700515747,-0.021714068949222565,0.8054116368293762,0.5673550367355347,-0.0331774540245533,0.7964828014373779,0.5658517479896545,-0.03630373254418373,0.7873860597610474,0.5681171417236328,-0.03805080056190491,afternoon
0.23175688087940216,0.6103290319442749,2.4987815550048253e-07,0.23121169209480286,0.5778989195823669,-0.012198293581604958,0.21761488914489746,0.5523344278335571,-0.018104730173945427,0.1983778327703476,0.5445996522903442,-0.0235929936170578,0.18226073682308197,0.5482022762298584,-0.029040604829788208,0.1930951327085495,0.5138337016105652,-0.010685892775654793,0.17858923971652985,0.47821468114852905,-0.020369168370962143,0.16960670053958893,0.4554479718208313,-0.028432711958885193,0.161915123462677,0.43707114458084106,-0.034064196050167084,0.17807722091674805,0.5278465151786804,-0.011753354221582413,0.153123676776886,0.49814289808273315,-0.019333524629473686,0.13590548932552338,0.48205795884132385,-0.026294568553566933,0.12254957109689713,0.4719683825969696,-0.03095683455467224,0.1714790016412735,0.5498320460319519,-0.014440026134252548,0.14664457738399506,0.5325780510902405,-0.02291088178753853,0.1288481205701828,0.5243885517120361,-0.030185101553797722,0.11452396959066391,0.5202775597572327,-0.03488859161734581,0.17246970534324646,0.5765585899353027,-0.018308401107788086,0.16018472611904144,0.570580780506134,-0.026536155492067337,0.15301352739334106,0.5689744353294373,-0.030424365773797035,0.146500363945961,0.5706799626350403,-0.032463736832141876,afternoon
0.7388243675231934,0.6178925037384033,2.6477030701244075e-07,0.7514873743057251,0.6122374534606934,-0.020255018025636673,0.7721659541130066,0.6007751226425171,-0.03160965070128441,0.7912269830703735,0.5958836078643799,-0.04076980799436569,0.8025211095809937,0.5906715393066406,-0.04947436973452568,0.8019113540649414,0.549736738204956,-0.018237587064504623,0.8259632587432861,0.525551974773407,-0.031366851180791855,0.8449530601501465,0.5130999684333801,-0.04245280474424362,0.8604231476783752,0.506658136844635,-0.05001974478363991,0.8087318539619446,0.5521959662437439,-0.016042904928326607,0.8377909064292908,0.5318530797958374,-0.028158117085695267,0.8581437468528748,0.5252351760864258,-0.038194939494132996,0.8752243518829346,0.5231590270996094,-0.04452933743596077,0.8105411529541016,0.5632746815681458,-0.016100946813821793,0.8398552536964417,0.5511047840118408,-0.028825899586081505,0.8625184297561646,0.5471017360687256,-0.037581026554107666,0.882495105266571,0.5462840795516968,-0.04291960969567299,0.8070209622383118,0.5809647440910339,-0.017872067168354988,0.8313199281692505,0.5847399830818176,-0.02988218516111374,0.8511584997177124,0.5901980996131897,-0.035420190542936325,0.868797779083252,0.5962162017822266,-0.03826380893588066,afternoon
0.23038119077682495,0.6201189160346985,3.2384166459564767e-09,0.21066996455192566,0.589188814163208,-0.005294217728078365,0.18166789412498474,0.565158486366272,-0.008245168253779411,0.15606211125850677,0.5546804070472717,-0.012369130738079548,0.1372869610786438,0.5505028963088989,-0.016384532675147057,0.16249874234199524,0.5491533279418945,-0.0042223846539855,0.13926522433757782,0.5244323015213013,-0.014886613003909588,0.12139038741588593,0.5145168900489807,-0.02405262552201748,0.10454628616571426,0.5108951330184937,-0.03018799237906933,0.1633061021566391,0.5642971396446228,-0.008127208799123764,0.1386031210422516,0.5565863847732544,-0.020478099584579468,0.1218060702085495,0.5682018995285034,-0.028573226183652878,0.10983548313379288,0.58436518907547,-0.032789286226034164,0.1701423078775406,0.5825958251953125,-0.012920990586280823,0.1576284021139145,0.5709178447723389,-0.02599695883691311,0.15963789820671082,0.5753583908081055,-0.028654826804995537,0.1626092940568924,0.5821749567985535,-0.027866080403327942,0.18163955211639404,0.6041517853736877,-0.01824929565191269,0.17633122205734253,0.5932142734527588,-0.028235280886292458,0.18093043565750122,0.5931704640388489,-0.028468430042266846,0.1875862032175064,0.5960429310798645,-0.026208985596895218,afternoon
0.7426128387451172,0.6254779100418091,1.9485321445245063e-07,0.7543855309486389,0.5958442687988281,-0.011843039654195309,0.7762753963470459,0.5813033580780029,-0.017805682495236397,0.7965917587280273,0.5856044888496399,-0.02274417318403721,0.8106953501701355,0.593400239944458,-0.027727864682674408,0.8121737241744995,0.5700473785400391,-0.012099120765924454,0.8402538299560547,0.5496960282325745,-0.020632920786738396,0.8574997186660767,0.5365009903907776,-0.026905164122581482,0.8725389242172241,0.5256829261779785,-0.03158408775925636,0.8200535774230957,0.5907537937164307,-0.013748401775956154,0.8534387350082397,0.5798375010490417,-0.021468814462423325,0.8751358985900879,0.5756537318229675,-0.029542753472924232,0.8950217366218567,0.571872353553772,-0.035541996359825134,0.8188244104385376,0.6114106178283691,-0.016947973519563675,0.8452931046485901,0.6183599829673767,-0.028030062094330788,0.8645911812782288,0.6264050006866455,-0.03797251358628273,0.8806917071342468,0.632976233959198,-0.043970055878162384,0.8114566206932068,0.6298637986183167,-0.020849253982305527,0.8277888894081116,0.6265714168548584,-0.029443664476275444,0.832665741443634,0.6251797080039978,-0.033371418714523315,0.8363800048828125,0.6248329281806946,-0.03611258044838905,afternoon
0.22899039089679718,0.6277984976768494,2.760367578957812e-07,0.21689127385616302,0.5989408493041992,-0.014226099476218224,0.19741417467594147,0.5875106453895569,-0.021476689726114273,0.18315570056438446,0.5940308570861816,-0.028051182627677917,0.17504316568374634,0.6061522960662842,-0.035056453198194504,0.15450388193130493,0.5735747218132019,-0.010880844667553902,0.1285037398338318,0.5582528114318848,-0.018624411895871162,0.11117983609437943,0.5490407943725586,-0.026108786463737488,0.09559854120016098,0.5419771671295166,-0.03210148587822914,0.14973753690719604,0.5986256003379822,-0.011668427847325802,0.11653561890125275,0.5972495079040527,-0.01888244040310383,0.09507732838392258,0.5959771275520325,-0.027694789692759514,0.07759860157966614,0.5956230759620667,-0.034596674144268036,0.1545591652393341,0.6226566433906555,-0.014155642129480839,0.12589965760707855,0.6262878775596619,-0.025183137506246567,0.10665973275899887,0.6252312064170837,-0.03612393140792847,0.09167437255382538,0.6262896060943604,-0.0436212420463562,0.16675686836242676,0.6427760124206543,-0.017750414088368416,0.15830320119857788,0.6331959962844849,-0.029179759323596954,0.16564765572547913,0.6243084669113159,-0.034831348806619644,0.17453856766223907,0.6191321015357971,-0.038262609392404556,afternoon
0.745695173740387,0.6245886087417603,2.2145610500956536e-07,0.763787031173706,0.6018438339233398,-0.009536057710647583,0.787522554397583,0.6000382900238037,-0.014871886931359768,0.8044307231903076,0.6192085146903992,-0.01960466429591179,0.8128485083580017,0.6382563710212708,-0.0245110671967268,0.8216052055358887,0.5963039994239807,-0.011066614650189877,0.8522928357124329,0.5853275656700134,-0.01807529665529728,0.8722847104072571,0.5776887536048889,-0.022768786177039146,0.8884447813034058,0.5699343681335449,-0.026775673031806946,0.824758768081665,0.6181431412696838,-0.01454212050884962,0.8613934516906738,0.6205922961235046,-0.021513810381293297,0.8844652771949768,0.623467206954956,-0.02858571894466877,0.9036592245101929,0.6244628429412842,-0.03384612128138542,0.818603515625,0.6379889249801636,-0.019297566264867783,0.8440520167350769,0.6553394198417664,-0.030817419290542603,0.8618593215942383,0.6689351797103882,-0.04169106483459473,0.8769658207893372,0.6795660853385925,-0.04849589616060257,0.8067190051078796,0.6544936299324036,-0.024321315810084343,0.817324161529541,0.6526069641113281,-0.033870238810777664,0.8107390999794006,0.6442272067070007,-0.03779417276382446,0.8043839335441589,0.6376132369041443,-0.04067195579409599,afternoon
0.2224971354007721,0.6378955841064453,2.629635673656594e-07,0.21085381507873535,0.6211364269256592,-0.016445377841591835,0.19239862263202667,0.6219199895858765,-0.023252246901392937,0.17910197377204895,0.6422279477119446,-0.028525440022349358,0.17007316648960114,0.6623433232307434,-0.03367786109447479,0.14822502434253693,0.6113818883895874,-0.012797110714018345,0.11861835420131683,0.602293074131012,-0.018291538581252098,0.09941837936639786,0.5961607098579407,-0.022974342107772827,0.08272937685251236,0.5924085974693298,-0.026919003576040268,0.14351600408554077,0.631715714931488,-0.010897080413997173,0.1109829992055893,0.6426441669464111,-0.016704881563782692,0.09097916632890701,0.6491179466247559,-0.023089980706572533,0.07339711487293243,0.6541995406150818,-0.0273350290954113,0.1477036476135254,0.6475121974945068,-0.010652052238583565,0.12130697071552277,0.666722297668457,-0.0197439044713974,0.10209208726882935,0.6784092783927917,-0.02902619168162346,0.08606769144535065,0.6875035166740417,-0.03486645594239235,0.15839797258377075,0.6567441821098328,-0.011736506596207619,0.14924122393131256,0.6637187600135803,-0.020817531272768974,0.15514764189720154,0.6640204787254333,-0.024833284318447113,0.163664773106575,0.6651182770729065,-0.026722943410277367,afternoon
0.7470070719718933,0.6221475601196289,1.5489629845433228e-07,0.7673085927963257,0.5987594723701477,-0.005949156358838081,0.792977511882782,0.5935204029083252,-0.0075177475810050964,0.8100844621658325,0.6077226996421814,-0.008899994194507599,0.8184671998023987,0.6241773962974548,-0.010407812893390656,0.8199301958084106,0.5905115008354187,-0.004257492255419493,0.8507685661315918,0.5789563059806824,-0.008216852322220802,0.8709055185317993,0.571239709854126,-0.010990644805133343,0.8881243467330933,0.5647731423377991,-0.013838192448019981,0.8231189250946045,0.6130782961845398,-0.008731641806662083,0.861236572265625,0.6131585836410522,-0.01340567972511053,0.8855252265930176,0.615129292011261,-0.01833406463265419,0.9040500521659851,0.6179088354110718,-0.021902037784457207,0.8166525959968567,0.6344246864318848,-0.014307568781077862,0.8459413647651672,0.652131199836731,-0.023528102785348892,0.8644896745681763,0.663532018661499,-0.031766705214977264,0.8783262968063354,0.6744700074195862,-0.03711925074458122,0.8039360046386719,0.6518898606300354,-0.019943227991461754,0.8187351226806641,0.6451930403709412,-0.02788548730313778,0.8125330209732056,0.6325855851173401,-0.028860297054052353,0.8033185601234436,0.6256963014602661,-0.029592210426926613,afternoon
0.22386986017227173,0.638184666633606,2.526460889384907e-07,0.2104358822107315,0.6084751486778259,-0.012030300684273243,0.18922244012355804,0.6005451083183289,-0.01614113338291645,0.1758408546447754,0.6145225763320923,-0.019396383315324783,0.16993950307369232,0.6300369501113892,-0.023308003321290016,0.14894422888755798,0.6037082672119141,-0.01021446194499731,0.11929604411125183,0.5930306315422058,-0.016617219895124435,0.10049429535865784,0.5875543355941772,-0.022094406187534332,0.08450475335121155,0.5839006900787354,-0.026161493733525276,0.1469094604253769,0.6280686259269714,-0.010795527137815952,0.1135575920343399,0.6344406008720398,-0.015583306550979614,0.0917821153998375,0.6390368938446045,-0.021812742576003075,0.07400303333997726,0.6423828601837158,-0.02610943280160427,0.15454772114753723,0.6475233435630798,-0.01257109921425581,0.12715032696723938,0.6618201732635498,-0.021141713485121727,0.10825664550065994,0.6709564924240112,-0.03060215711593628,0.09349668025970459,0.6772633194923401,-0.036916572600603104,0.1692005842924118,0.6616167426109314,-0.015150133520364761,0.15955711901187897,0.6655786633491516,-0.0253974087536335,0.16618071496486664,0.6608259081840515,-0.02906699664890766,0.17582294344902039,0.6558712124824524,-0.030529305338859558,afternoon
0.7492920160293579,0.6206538677215576,9.690415225804827e-08,0.7666867971420288,0.5866009593009949,-0.00715571129694581,0.7947622537612915,0.5730075836181641,-0.008358284831047058,0.8161770701408386,0.587414026260376,-0.009125715121626854,0.8281010389328003,0.6075143814086914,-0.010577014647424221,0.8133878111839294,0.5629605650901794,-0.002056886674836278,0.8386964201927185,0.5422444939613342,-0.00693107396364212,0.8564295768737793,0.5295789837837219,-0.011698804795742035,0.8712878227233887,0.5200378894805908,-0.01592389866709709,0.8203150629997253,0.5833752155303955,-0.005229696165770292,0.8553312420845032,0.5716120600700378,-0.007899758405983448,0.8794775605201721,0.5663141012191772,-0.01278439350426197,0.8980592489242554,0.5637538433074951,-0.017061768099665642,0.8184928297996521,0.6055470705032349,-0.01000706572085619,0.8475803732872009,0.6094427704811096,-0.01811083033680916,0.8687946200370789,0.6138516664505005,-0.027927985414862633,0.8857614994049072,0.6193857192993164,-0.03532392159104347,0.8102893233299255,0.6274283528327942,-0.015011454001069069,0.8192437887191772,0.6146907806396484,-0.025318162515759468,0.81143718957901,0.6041545867919922,-0.028750862926244736,0.8018954992294312,0.5994242429733276,-0.031095849350094795,afternoon
0.2235339879989624,0.6346186995506287,1.9009661400559708e-07,0.21405954658985138,0.6010909676551819,-0.011229761876165867,0.19272738695144653,0.584930419921875,-0.01625337265431881,0.17367632687091827,0.5843979716300964,-0.02069273218512535,0.16074293851852417,0.5883897542953491,-0.02503841184079647,0.15595251321792603,0.5750179290771484,-0.009579764679074287,0.12943749129772186,0.5564603209495544,-0.01877913624048233,0.1121499240398407,0.5462310314178467,-0.02678593061864376,0.0982273519039154,0.5385982394218445,-0.032123222947120667,0.1492720991373062,0.595220685005188,-0.010155714116990566,0.11777965724468231,0.5889469981193542,-0.01779508776962757,0.09808236360549927,0.5859981775283813,-0.02500103786587715,0.0831691175699234,0.5845960974693298,-0.029465684667229652,0.15090297162532806,0.6143448352813721,-0.012046122923493385,0.12491269409656525,0.6129883527755737,-0.02000526897609234,0.10722820460796356,0.613181471824646,-0.02530602179467678,0.09369301050901413,0.6138660311698914,-0.02838428132236004,0.1595108062028885,0.6318239569664001,-0.014961859211325645,0.14351564645767212,0.6253301501274109,-0.02057715691626072,0.13523787260055542,0.6215161085128784,-0.02113364450633526,0.1298515647649765,0.6196222901344299,-0.020865287631750107,afternoon
0.7436326742172241,0.6199789047241211,5.186720741789941e-08,0.7499684691429138,0.5872074961662292,-0.008750046603381634,0.7686664462089539,0.5638405084609985,-0.011835547164082527,0.7912386059761047,0.5646311044692993,-0.014207872562110424,0.8073374032974243,0.5725622773170471,-0.01718555949628353,0.791284441947937,0.5364968776702881,-0.0073100365698337555,0.8095783591270447,0.5019539594650269,-0.014102519489824772,0.822469174861908,0.4802861213684082,-0.020118968561291695,0.83335280418396,0.4627646803855896,-0.02507457137107849,0.8045074939727783,0.5513899326324463,-0.0098294448107481,0.8343251347541809,0.5216882228851318,-0.014474477618932724,0.8541897535324097,0.5034430027008057,-0.01977613940834999,0.8694949150085449,0.4891033172607422,-0.023991944268345833,0.809006929397583,0.5737167596817017,-0.013667497783899307,0.839598536491394,0.5611246824264526,-0.021821917966008186,0.860353410243988,0.5513942241668701,-0.03053770214319229,0.8778477907180786,0.5440236926078796,-0.037380464375019073,0.8059383034706116,0.6006374955177307,-0.017873989418148994,0.8143519163131714,0.588391125202179,-0.02692423202097416,0.8078009486198425,0.5779742002487183,-0.029154479503631592,0.7999840378761292,0.5720136165618896,-0.030725033953785896,afternoon
0.7585956454277039,0.5942025184631348,2.561134522238717e-07,0.7523956894874573,0.5808798670768738,-0.020036907866597176,0.7570205926895142,0.5693784356117249,-0.032280899584293365,0.7712551951408386,0.5739746689796448,-0.04141565412282944,0.7836490869522095,0.5787932276725769,-0.05120215192437172,0.7818392515182495,0.5276590585708618,-0.028493987396359444,0.7948691248893738,0.49415141344070435,-0.03994350880384445,0.8048391938209534,0.47175148129463196,-0.04793141409754753,0.8125910758972168,0.45338207483291626,-0.05372466519474983,0.7978768944740295,0.5363689661026001,-0.027125010266900063,0.818749189376831,0.5041418671607971,-0.036823708564043045,0.8347224593162537,0.4851265847682953,-0.04418275132775307,0.8472618460655212,0.46928870677948,-0.049144137650728226,0.8042685389518738,0.5530438423156738,-0.026993483304977417,0.8276487588882446,0.5382339358329773,-0.03982730582356453,0.8450557589530945,0.5286307334899902,-0.04998894780874252,0.858543872833252,0.5216535925865173,-0.056625399738550186,0.8044106364250183,0.5747909545898438,-0.027745980769395828,0.8102415800094604,0.576158344745636,-0.042161647230386734,0.8046396374702454,0.5823974013328552,-0.047147300094366074,0.798133134841919,0.5914760231971741,-0.04952836409211159,afternoon
0.22468408942222595,0.5941450595855713,3.0215554147616785e-07,0.22899852693080902,0.5655311346054077,-0.015418707393109798,0.21839605271816254,0.5408053398132324,-0.022320346906781197,0.2008848786354065,0.5349426865577698,-0.027275409549474716,0.18409506976604462,0.5403505563735962,-0.032881397753953934,0.191848486661911,0.5143709778785706,-0.017639506608247757,0.17687048017978668,0.48190370202064514,-0.02767789363861084,0.1655884087085724,0.4605261981487274,-0.0353170707821846,0.15657033026218414,0.44428539276123047,-0.04030527547001839,0.17825055122375488,0.5304793119430542,-0.016871580854058266,0.15332826972007751,0.506141722202301,-0.025580981746315956,0.135829895734787,0.4912857413291931,-0.03352328762412071,0.12188474833965302,0.4809805750846863,-0.03838801756501198,0.17259560525417328,0.5520180463790894,-0.0173202957957983,0.1493508219718933,0.5382563471794128,-0.028330307453870773,0.13210555911064148,0.5293669700622559,-0.037693873047828674,0.11872396618127823,0.5239852666854858,-0.04354996979236603,0.1737389862537384,0.5764078497886658,-0.01861860230565071,0.17080838978290558,0.5675238370895386,-0.029875826090574265,0.17809291183948517,0.5650815963745117,-0.033891793340444565,0.18613533675670624,0.5664589405059814,-0.035478152334690094,afternoon
0.743593692779541,0.6165903210639954,1.112908165623594e-07,0.7494155168533325,0.5811550617218018,-0.006445918697863817,0.7664268612861633,0.5541825294494629,-0.009004449471831322,0.7883224487304688,0.552254319190979,-0.011561984196305275,0.8054417371749878,0.5592967867851257,-0.014538786374032497,0.7821224331855774,0.5245055556297302,-0.0043813325464725494,0.7983514666557312,0.48758697509765625,-0.010035555809736252,0.8087140917778015,0.4645727872848511,-0.01471644826233387,0.8174227476119995,0.4453284740447998,-0.018945135176181793,0.7967844605445862,0.5380491018295288,-0.008820866234600544,0.8229330778121948,0.5030093193054199,-0.012768841348588467,0.8402661085128784,0.48173341155052185,-0.018536530435085297,0.8535922765731812,0.4655504822731018,-0.023356333374977112,0.8032481074333191,0.5592183470726013,-0.014533884823322296,0.8320019245147705,0.541265606880188,-0.022088192403316498,0.8503078818321228,0.5292094349861145,-0.03086189739406109,0.8649705052375793,0.520003080368042,-0.03779766336083412,0.8032190799713135,0.5845072865486145,-0.020534629002213478,0.8087161183357239,0.5688526630401611,-0.02918498031795025,0.8034026622772217,0.5594339966773987,-0.03223830834031105,0.7975443601608276,0.5543524622917175,-0.03461099788546562,afternoon
0.22970345616340637,0.6021299958229065,2.5899100819515297e-07,0.23327969014644623,0.5789681673049927,-0.015059873461723328,0.22552819550037384,0.5582096576690674,-0.023402003571391106,0.21293050050735474,0.5490875244140625,-0.030522868037223816,0.20021376013755798,0.5468923449516296,-0.038052380084991455,0.19750277698040009,0.5170464515686035,-0.019123872742056847,0.18172483146190643,0.4818075895309448,-0.030640775337815285,0.1707882285118103,0.45906075835227966,-0.03898021578788757,0.16207024455070496,0.4409937262535095,-0.044771458953619,0.1823776662349701,0.5315396189689636,-0.019877495244145393,0.1575002670288086,0.5060780644416809,-0.029265208169817924,0.14021900296211243,0.48871728777885437,-0.036930281668901443,0.127274751663208,0.47533825039863586,-0.04182065650820732,0.17590665817260742,0.5544483065605164,-0.022007592022418976,0.15116405487060547,0.5413491129875183,-0.03402484953403473,0.13281148672103882,0.5327621698379517,-0.044345904141664505,0.11810286343097687,0.526989221572876,-0.051124781370162964,0.17782795429229736,0.581444501876831,-0.025097092613577843,0.1697043925523758,0.591338038444519,-0.03912689536809921,0.16842742264270782,0.6016300916671753,-0.04570704698562622,0.1677268147468567,0.6133944988250732,-0.048878781497478485,afternoon
0.7443768978118896,0.6224801540374756,1.0433014097088744e-07,0.745964527130127,0.5953206419944763,-0.009981929324567318,0.7603666186332703,0.5709534883499146,-0.013473582454025745,0.781032383441925,0.566053569316864,-0.01641092076897621,0.795908510684967,0.5675561428070068,-0.01950409635901451,0.7766724824905396,0.5283657312393188,-0.004207248333841562,0.7882928848266602,0.49051788449287415,-0.010008989833295345,0.7958110570907593,0.465848445892334,-0.015857482329010963,0.8012808561325073,0.44503724575042725,-0.020693397149443626,0.7915847301483154,0.5373201966285706,-0.006685968954116106,0.8135337829589844,0.4994736611843109,-0.010301491245627403,0.828314483165741,0.47639936208724976,-0.01640060544013977,0.839518666267395,0.4583480656147003,-0.021260784938931465,0.7995568513870239,0.5552751421928406,-0.01092689298093319,0.8250680565834045,0.5350721478462219,-0.01826312765479088,0.8425632119178772,0.5215920805931091,-0.02747959829866886,0.8573598265647888,0.5103015303611755,-0.03464140743017197,0.8018221855163574,0.5787894129753113,-0.015879105776548386,0.8083526492118835,0.5680317282676697,-0.024079998955130577,0.8004106283187866,0.5690135359764099,-0.026241479441523552,0.7927080988883972,0.5736796855926514,-0.027857452630996704,afternoon
0.23294669389724731,0.6051973700523376,2.3512026814387355e-07,0.23238733410835266,0.5790882706642151,-0.015821922570466995,0.21955031156539917,0.5583703517913818,-0.023714175447821617,0.20288752019405365,0.5514166951179504,-0.030470512807369232,0.19019515812397003,0.5523067712783813,-0.037239767611026764,0.18592748045921326,0.5281767249107361,-0.01776266098022461,0.16646213829517365,0.4986603856086731,-0.028574518859386444,0.1525190770626068,0.4793952703475952,-0.036745890974998474,0.14006510376930237,0.4644755721092224,-0.042655933648347855,0.17241604626178741,0.5463910102844238,-0.017986180260777473,0.14399276673793793,0.5260584354400635,-0.02761245146393776,0.12405018508434296,0.5132089853286743,-0.035035740584135056,0.10839071869850159,0.5053475499153137,-0.039957188069820404,0.16800302267074585,0.5709943771362305,-0.019855324178934097,0.1405809372663498,0.561505913734436,-0.03088439628481865,0.12127085030078888,0.5572766065597534,-0.039023175835609436,0.10602617263793945,0.5549942255020142,-0.04403951019048691,0.17150919139385223,0.5986366271972656,-0.023066211491823196,0.15085937082767487,0.6065089702606201,-0.03465353325009346,0.1362721025943756,0.6127511262893677,-0.04065727815032005,0.12395690381526947,0.6192815899848938,-0.04385693743824959,afternoon
0.7442068457603455,0.6209949254989624,1.4612969323479774e-07,0.7506540417671204,0.5902090668678284,-0.007524161599576473,0.7680838108062744,0.5671974420547485,-0.011220407672226429,0.7891697287559509,0.5663352012634277,-0.014576219953596592,0.8051907420158386,0.5707211494445801,-0.01836288347840309,0.7828695774078369,0.535248339176178,-0.008646815083920956,0.798443615436554,0.49823492765426636,-0.015359967015683651,0.8084834218025208,0.4755197763442993,-0.02008630521595478,0.8164436221122742,0.45592981576919556,-0.02395891211926937,0.797502338886261,0.5476672649383545,-0.012832559645175934,0.8234144449234009,0.5139114856719971,-0.017535604536533356,0.8418381214141846,0.49537479877471924,-0.02366301417350769,0.8565599918365479,0.48051565885543823,-0.02874816581606865,0.8038666248321533,0.5679578185081482,-0.01822987198829651,0.8306396007537842,0.5520898699760437,-0.026837842538952827,0.8508512377738953,0.5420314073562622,-0.03602972626686096,0.8670682907104492,0.5334345698356628,-0.04266482591629028,0.8043414354324341,0.5916812419891357,-0.023883745074272156,0.8109059929847717,0.5746417045593262,-0.03246203064918518,0.8054510951042175,0.5668135285377502,-0.03549917787313461,0.7995330691337585,0.5620759129524231,-0.037900231778621674,afternoon
0.23036955296993256,0.6153149604797363,2.6917899731415673e-07,0.22159945964813232,0.5888263583183289,-0.011737520806491375,0.20251092314720154,0.5772901177406311,-0.017283331602811813,0.1878771334886551,0.5836740732192993,-0.02224821411073208,0.17637018859386444,0.5970073342323303,-0.027607841417193413,0.16326403617858887,0.5589647889137268,-0.011033357121050358,0.1386239379644394,0.539533257484436,-0.01780559867620468,0.12206968665122986,0.527621865272522,-0.02360541559755802,0.10696808993816376,0.5191797018051147,-0.028133071959018707,0.15704305469989777,0.5834167003631592,-0.012411942705512047,0.12363559007644653,0.5797417163848877,-0.01898384466767311,0.10375052690505981,0.5771430730819702,-0.026032162830233574,0.08723396062850952,0.5755831599235535,-0.0310906283557415,0.160695880651474,0.6073152422904968,-0.015020020306110382,0.13245373964309692,0.6114646196365356,-0.025802072137594223,0.11371704936027527,0.6134521961212158,-0.03502797335386276,0.0985260158777237,0.6158657670021057,-0.040851395577192307,0.17229659855365753,0.6281499266624451,-0.018380027264356613,0.16588175296783447,0.6209285855293274,-0.029067477211356163,0.17543303966522217,0.616247832775116,-0.032828934490680695,0.18601320683956146,0.6152053475379944,-0.034616515040397644,afternoon
0.7419548630714417,0.6297491788864136,2.3338067478562152e-07,0.7464894652366638,0.6046721339225769,-0.018855389207601547,0.7642850875854492,0.5904291272163391,-0.027941005304455757,0.7903774380683899,0.5989118814468384,-0.03437619283795357,0.809584379196167,0.6092207431793213,-0.040586210787296295,0.7967831492424011,0.5612078905105591,-0.020385459065437317,0.8247043490409851,0.5366708040237427,-0.030270392075181007,0.8421767354011536,0.5222523808479309,-0.037063173949718475,0.8572813868522644,0.5099188685417175,-0.04194548726081848,0.8107901811599731,0.5768687725067139,-0.01849757507443428,0.844968855381012,0.5598446130752563,-0.02683434821665287,0.8672837615013123,0.5521764755249023,-0.03507110849022865,0.8869642019271851,0.5441170334815979,-0.041046809405088425,0.8150277733802795,0.5958114266395569,-0.018506132066249847,0.843580961227417,0.5974878072738647,-0.031185265630483627,0.8631957173347473,0.6044750213623047,-0.04246145859360695,0.8803542852401733,0.6088852286338806,-0.04907284304499626,0.8133383393287659,0.6154694557189941,-0.019576966762542725,0.8273906111717224,0.6100607514381409,-0.029880620539188385,0.8287396430969238,0.6111057996749878,-0.034585971385240555,0.8293834924697876,0.6128948926925659,-0.03763200342655182,afternoon
